-- phpMyAdmin SQL Dump
-- version 4.2.7.1
-- http://www.phpmyadmin.net
--
-- Host: 127.0.0.1
-- Generation Time: Sep 01, 2016 at 05:31 AM
-- Server version: 5.6.20
-- PHP Version: 5.5.15

SET SQL_MODE = "NO_AUTO_VALUE_ON_ZERO";
SET time_zone = "+00:00";


/*!40101 SET @OLD_CHARACTER_SET_CLIENT=@@CHARACTER_SET_CLIENT */;
/*!40101 SET @OLD_CHARACTER_SET_RESULTS=@@CHARACTER_SET_RESULTS */;
/*!40101 SET @OLD_COLLATION_CONNECTION=@@COLLATION_CONNECTION */;
/*!40101 SET NAMES utf8 */;

--
-- Database: `sekolah`
--

-- --------------------------------------------------------

--
-- Table structure for table `bio_studen_ci`
--

CREATE TABLE IF NOT EXISTS `bio_studen_ci` (
  `id_stu_bio` varchar(20) NOT NULL,
  `tmp_lahir` varchar(30) DEFAULT NULL,
  `agama` varchar(20) DEFAULT NULL,
  `kwrga` varchar(5) DEFAULT NULL,
  `anak_ke` int(2) DEFAULT NULL,
  `sdr_anak` int(2) DEFAULT NULL,
  `bhs` varchar(20) DEFAULT NULL,
  `stat_anak` varchar(20) DEFAULT NULL,
  `alamat` text,
  `telp` varchar(15) DEFAULT NULL,
  `stay_with` varchar(50) DEFAULT NULL,
  `jrk_sklh` int(3) DEFAULT NULL,
  `transport` varchar(50) DEFAULT NULL,
  `gol_drh` varchar(2) DEFAULT NULL,
  `disease` varchar(30) DEFAULT NULL,
  `tinggi` int(3) DEFAULT NULL,
  `berat` int(3) DEFAULT NULL,
  `stu_photo` varchar(200) DEFAULT NULL
) ENGINE=InnoDB DEFAULT CHARSET=latin1;

--
-- Dumping data for table `bio_studen_ci`
--

INSERT INTO `bio_studen_ci` (`id_stu_bio`, `tmp_lahir`, `agama`, `kwrga`, `anak_ke`, `sdr_anak`, `bhs`, `stat_anak`, `alamat`, `telp`, `stay_with`, `jrk_sklh`, `transport`, `gol_drh`, `disease`, `tinggi`, `berat`, `stu_photo`) VALUES
('BIO-STU1608126EAB1', NULL, NULL, NULL, NULL, NULL, NULL, NULL, NULL, NULL, NULL, NULL, NULL, NULL, NULL, NULL, NULL, '../style/images/defaultprofile.png'),
('BIO-STU1608126EAB10', NULL, NULL, NULL, NULL, NULL, NULL, NULL, NULL, NULL, NULL, NULL, NULL, NULL, NULL, NULL, NULL, '../style/images/defaultprofile.png'),
('BIO-STU1608126EAB100', NULL, NULL, NULL, NULL, NULL, NULL, NULL, NULL, NULL, NULL, NULL, NULL, NULL, NULL, NULL, NULL, '../style/images/defaultprofile.png'),
('BIO-STU1608126EAB101', NULL, NULL, NULL, NULL, NULL, NULL, NULL, NULL, NULL, NULL, NULL, NULL, NULL, NULL, NULL, NULL, '../style/images/defaultprofile.png'),
('BIO-STU1608126EAB102', NULL, NULL, NULL, NULL, NULL, NULL, NULL, NULL, NULL, NULL, NULL, NULL, NULL, NULL, NULL, NULL, '../style/images/defaultprofile.png'),
('BIO-STU1608126EAB103', NULL, NULL, NULL, NULL, NULL, NULL, NULL, NULL, NULL, NULL, NULL, NULL, NULL, NULL, NULL, NULL, '../style/images/defaultprofile.png'),
('BIO-STU1608126EAB104', NULL, NULL, NULL, NULL, NULL, NULL, NULL, NULL, NULL, NULL, NULL, NULL, NULL, NULL, NULL, NULL, '../style/images/defaultprofile.png'),
('BIO-STU1608126EAB105', NULL, NULL, NULL, NULL, NULL, NULL, NULL, NULL, NULL, NULL, NULL, NULL, NULL, NULL, NULL, NULL, '../style/images/defaultprofile.png'),
('BIO-STU1608126EAB106', NULL, NULL, NULL, NULL, NULL, NULL, NULL, NULL, NULL, NULL, NULL, NULL, NULL, NULL, NULL, NULL, '../style/images/defaultprofile.png'),
('BIO-STU1608126EAB107', NULL, NULL, NULL, NULL, NULL, NULL, NULL, NULL, NULL, NULL, NULL, NULL, NULL, NULL, NULL, NULL, '../style/images/defaultprofile.png'),
('BIO-STU1608126EAB108', NULL, NULL, NULL, NULL, NULL, NULL, NULL, NULL, NULL, NULL, NULL, NULL, NULL, NULL, NULL, NULL, '../style/images/defaultprofile.png'),
('BIO-STU1608126EAB109', NULL, NULL, NULL, NULL, NULL, NULL, NULL, NULL, NULL, NULL, NULL, NULL, NULL, NULL, NULL, NULL, '../style/images/defaultprofile.png'),
('BIO-STU1608126EAB11', NULL, NULL, NULL, NULL, NULL, NULL, NULL, NULL, NULL, NULL, NULL, NULL, NULL, NULL, NULL, NULL, '../style/images/defaultprofile.png'),
('BIO-STU1608126EAB110', NULL, NULL, NULL, NULL, NULL, NULL, NULL, NULL, NULL, NULL, NULL, NULL, NULL, NULL, NULL, NULL, '../style/images/defaultprofile.png'),
('BIO-STU1608126EAB111', NULL, NULL, NULL, NULL, NULL, NULL, NULL, NULL, NULL, NULL, NULL, NULL, NULL, NULL, NULL, NULL, '../style/images/defaultprofile.png'),
('BIO-STU1608126EAB112', NULL, NULL, NULL, NULL, NULL, NULL, NULL, NULL, NULL, NULL, NULL, NULL, NULL, NULL, NULL, NULL, '../style/images/defaultprofile.png'),
('BIO-STU1608126EAB113', NULL, NULL, NULL, NULL, NULL, NULL, NULL, NULL, NULL, NULL, NULL, NULL, NULL, NULL, NULL, NULL, '../style/images/defaultprofile.png'),
('BIO-STU1608126EAB114', NULL, NULL, NULL, NULL, NULL, NULL, NULL, NULL, NULL, NULL, NULL, NULL, NULL, NULL, NULL, NULL, '../style/images/defaultprofile.png'),
('BIO-STU1608126EAB115', NULL, NULL, NULL, NULL, NULL, NULL, NULL, NULL, NULL, NULL, NULL, NULL, NULL, NULL, NULL, NULL, '../style/images/defaultprofile.png'),
('BIO-STU1608126EAB116', NULL, NULL, NULL, NULL, NULL, NULL, NULL, NULL, NULL, NULL, NULL, NULL, NULL, NULL, NULL, NULL, '../style/images/defaultprofile.png'),
('BIO-STU1608126EAB117', NULL, NULL, NULL, NULL, NULL, NULL, NULL, NULL, NULL, NULL, NULL, NULL, NULL, NULL, NULL, NULL, '../style/images/defaultprofile.png'),
('BIO-STU1608126EAB118', NULL, NULL, NULL, NULL, NULL, NULL, NULL, NULL, NULL, NULL, NULL, NULL, NULL, NULL, NULL, NULL, '../style/images/defaultprofile.png'),
('BIO-STU1608126EAB119', NULL, NULL, NULL, NULL, NULL, NULL, NULL, NULL, NULL, NULL, NULL, NULL, NULL, NULL, NULL, NULL, '../style/images/defaultprofile.png'),
('BIO-STU1608126EAB12', NULL, NULL, NULL, NULL, NULL, NULL, NULL, NULL, NULL, NULL, NULL, NULL, NULL, NULL, NULL, NULL, '../style/images/defaultprofile.png'),
('BIO-STU1608126EAB120', NULL, NULL, NULL, NULL, NULL, NULL, NULL, NULL, NULL, NULL, NULL, NULL, NULL, NULL, NULL, NULL, '../style/images/defaultprofile.png'),
('BIO-STU1608126EAB121', NULL, NULL, NULL, NULL, NULL, NULL, NULL, NULL, NULL, NULL, NULL, NULL, NULL, NULL, NULL, NULL, '../style/images/defaultprofile.png'),
('BIO-STU1608126EAB122', NULL, NULL, NULL, NULL, NULL, NULL, NULL, NULL, NULL, NULL, NULL, NULL, NULL, NULL, NULL, NULL, '../style/images/defaultprofile.png'),
('BIO-STU1608126EAB123', NULL, NULL, NULL, NULL, NULL, NULL, NULL, NULL, NULL, NULL, NULL, NULL, NULL, NULL, NULL, NULL, '../style/images/defaultprofile.png'),
('BIO-STU1608126EAB124', NULL, NULL, NULL, NULL, NULL, NULL, NULL, NULL, NULL, NULL, NULL, NULL, NULL, NULL, NULL, NULL, '../style/images/defaultprofile.png'),
('BIO-STU1608126EAB125', NULL, NULL, NULL, NULL, NULL, NULL, NULL, NULL, NULL, NULL, NULL, NULL, NULL, NULL, NULL, NULL, '../style/images/defaultprofile.png'),
('BIO-STU1608126EAB126', NULL, NULL, NULL, NULL, NULL, NULL, NULL, NULL, NULL, NULL, NULL, NULL, NULL, NULL, NULL, NULL, '../style/images/defaultprofile.png'),
('BIO-STU1608126EAB127', NULL, NULL, NULL, NULL, NULL, NULL, NULL, NULL, NULL, NULL, NULL, NULL, NULL, NULL, NULL, NULL, '../style/images/defaultprofile.png'),
('BIO-STU1608126EAB128', NULL, NULL, NULL, NULL, NULL, NULL, NULL, NULL, NULL, NULL, NULL, NULL, NULL, NULL, NULL, NULL, '../style/images/defaultprofile.png'),
('BIO-STU1608126EAB129', NULL, NULL, NULL, NULL, NULL, NULL, NULL, NULL, NULL, NULL, NULL, NULL, NULL, NULL, NULL, NULL, '../style/images/defaultprofile.png'),
('BIO-STU1608126EAB13', NULL, NULL, NULL, NULL, NULL, NULL, NULL, NULL, NULL, NULL, NULL, NULL, NULL, NULL, NULL, NULL, '../style/images/defaultprofile.png'),
('BIO-STU1608126EAB130', NULL, NULL, NULL, NULL, NULL, NULL, NULL, NULL, NULL, NULL, NULL, NULL, NULL, NULL, NULL, NULL, '../style/images/defaultprofile.png'),
('BIO-STU1608126EAB131', NULL, NULL, NULL, NULL, NULL, NULL, NULL, NULL, NULL, NULL, NULL, NULL, NULL, NULL, NULL, NULL, '../style/images/defaultprofile.png'),
('BIO-STU1608126EAB132', NULL, NULL, NULL, NULL, NULL, NULL, NULL, NULL, NULL, NULL, NULL, NULL, NULL, NULL, NULL, NULL, '../style/images/defaultprofile.png'),
('BIO-STU1608126EAB133', NULL, NULL, NULL, NULL, NULL, NULL, NULL, NULL, NULL, NULL, NULL, NULL, NULL, NULL, NULL, NULL, '../style/images/defaultprofile.png'),
('BIO-STU1608126EAB134', NULL, NULL, NULL, NULL, NULL, NULL, NULL, NULL, NULL, NULL, NULL, NULL, NULL, NULL, NULL, NULL, '../style/images/defaultprofile.png'),
('BIO-STU1608126EAB135', NULL, NULL, NULL, NULL, NULL, NULL, NULL, NULL, NULL, NULL, NULL, NULL, NULL, NULL, NULL, NULL, '../style/images/defaultprofile.png'),
('BIO-STU1608126EAB136', NULL, NULL, NULL, NULL, NULL, NULL, NULL, NULL, NULL, NULL, NULL, NULL, NULL, NULL, NULL, NULL, '../style/images/defaultprofile.png'),
('BIO-STU1608126EAB137', NULL, NULL, NULL, NULL, NULL, NULL, NULL, NULL, NULL, NULL, NULL, NULL, NULL, NULL, NULL, NULL, '../style/images/defaultprofile.png'),
('BIO-STU1608126EAB138', NULL, NULL, NULL, NULL, NULL, NULL, NULL, NULL, NULL, NULL, NULL, NULL, NULL, NULL, NULL, NULL, '../style/images/defaultprofile.png'),
('BIO-STU1608126EAB139', NULL, NULL, NULL, NULL, NULL, NULL, NULL, NULL, NULL, NULL, NULL, NULL, NULL, NULL, NULL, NULL, '../style/images/defaultprofile.png'),
('BIO-STU1608126EAB14', NULL, NULL, NULL, NULL, NULL, NULL, NULL, NULL, NULL, NULL, NULL, NULL, NULL, NULL, NULL, NULL, '../style/images/defaultprofile.png'),
('BIO-STU1608126EAB140', NULL, NULL, NULL, NULL, NULL, NULL, NULL, NULL, NULL, NULL, NULL, NULL, NULL, NULL, NULL, NULL, '../style/images/defaultprofile.png'),
('BIO-STU1608126EAB141', NULL, NULL, NULL, NULL, NULL, NULL, NULL, NULL, NULL, NULL, NULL, NULL, NULL, NULL, NULL, NULL, '../style/images/defaultprofile.png'),
('BIO-STU1608126EAB142', NULL, NULL, NULL, NULL, NULL, NULL, NULL, NULL, NULL, NULL, NULL, NULL, NULL, NULL, NULL, NULL, '../style/images/defaultprofile.png'),
('BIO-STU1608126EAB143', NULL, NULL, NULL, NULL, NULL, NULL, NULL, NULL, NULL, NULL, NULL, NULL, NULL, NULL, NULL, NULL, '../style/images/defaultprofile.png'),
('BIO-STU1608126EAB144', NULL, NULL, NULL, NULL, NULL, NULL, NULL, NULL, NULL, NULL, NULL, NULL, NULL, NULL, NULL, NULL, '../style/images/defaultprofile.png'),
('BIO-STU1608126EAB145', NULL, NULL, NULL, NULL, NULL, NULL, NULL, NULL, NULL, NULL, NULL, NULL, NULL, NULL, NULL, NULL, '../style/images/defaultprofile.png'),
('BIO-STU1608126EAB146', NULL, NULL, NULL, NULL, NULL, NULL, NULL, NULL, NULL, NULL, NULL, NULL, NULL, NULL, NULL, NULL, '../style/images/defaultprofile.png'),
('BIO-STU1608126EAB147', NULL, NULL, NULL, NULL, NULL, NULL, NULL, NULL, NULL, NULL, NULL, NULL, NULL, NULL, NULL, NULL, '../style/images/defaultprofile.png'),
('BIO-STU1608126EAB148', NULL, NULL, NULL, NULL, NULL, NULL, NULL, NULL, NULL, NULL, NULL, NULL, NULL, NULL, NULL, NULL, '../style/images/defaultprofile.png'),
('BIO-STU1608126EAB149', NULL, NULL, NULL, NULL, NULL, NULL, NULL, NULL, NULL, NULL, NULL, NULL, NULL, NULL, NULL, NULL, '../style/images/defaultprofile.png'),
('BIO-STU1608126EAB15', NULL, NULL, NULL, NULL, NULL, NULL, NULL, NULL, NULL, NULL, NULL, NULL, NULL, NULL, NULL, NULL, '../style/images/defaultprofile.png'),
('BIO-STU1608126EAB150', NULL, NULL, NULL, NULL, NULL, NULL, NULL, NULL, NULL, NULL, NULL, NULL, NULL, NULL, NULL, NULL, '../style/images/defaultprofile.png'),
('BIO-STU1608126EAB151', NULL, NULL, NULL, NULL, NULL, NULL, NULL, NULL, NULL, NULL, NULL, NULL, NULL, NULL, NULL, NULL, '../style/images/defaultprofile.png'),
('BIO-STU1608126EAB152', NULL, NULL, NULL, NULL, NULL, NULL, NULL, NULL, NULL, NULL, NULL, NULL, NULL, NULL, NULL, NULL, '../style/images/defaultprofile.png'),
('BIO-STU1608126EAB153', NULL, NULL, NULL, NULL, NULL, NULL, NULL, NULL, NULL, NULL, NULL, NULL, NULL, NULL, NULL, NULL, '../style/images/defaultprofile.png'),
('BIO-STU1608126EAB154', NULL, NULL, NULL, NULL, NULL, NULL, NULL, NULL, NULL, NULL, NULL, NULL, NULL, NULL, NULL, NULL, '../style/images/defaultprofile.png'),
('BIO-STU1608126EAB155', NULL, NULL, NULL, NULL, NULL, NULL, NULL, NULL, NULL, NULL, NULL, NULL, NULL, NULL, NULL, NULL, '../style/images/defaultprofile.png'),
('BIO-STU1608126EAB156', NULL, NULL, NULL, NULL, NULL, NULL, NULL, NULL, NULL, NULL, NULL, NULL, NULL, NULL, NULL, NULL, '../style/images/defaultprofile.png'),
('BIO-STU1608126EAB157', NULL, NULL, NULL, NULL, NULL, NULL, NULL, NULL, NULL, NULL, NULL, NULL, NULL, NULL, NULL, NULL, '../style/images/defaultprofile.png'),
('BIO-STU1608126EAB158', NULL, NULL, NULL, NULL, NULL, NULL, NULL, NULL, NULL, NULL, NULL, NULL, NULL, NULL, NULL, NULL, '../style/images/defaultprofile.png'),
('BIO-STU1608126EAB159', NULL, NULL, NULL, NULL, NULL, NULL, NULL, NULL, NULL, NULL, NULL, NULL, NULL, NULL, NULL, NULL, '../style/images/defaultprofile.png'),
('BIO-STU1608126EAB16', NULL, NULL, NULL, NULL, NULL, NULL, NULL, NULL, NULL, NULL, NULL, NULL, NULL, NULL, NULL, NULL, '../style/images/defaultprofile.png'),
('BIO-STU1608126EAB160', NULL, NULL, NULL, NULL, NULL, NULL, NULL, NULL, NULL, NULL, NULL, NULL, NULL, NULL, NULL, NULL, '../style/images/defaultprofile.png'),
('BIO-STU1608126EAB161', NULL, NULL, NULL, NULL, NULL, NULL, NULL, NULL, NULL, NULL, NULL, NULL, NULL, NULL, NULL, NULL, '../style/images/defaultprofile.png'),
('BIO-STU1608126EAB162', NULL, NULL, NULL, NULL, NULL, NULL, NULL, NULL, NULL, NULL, NULL, NULL, NULL, NULL, NULL, NULL, '../style/images/defaultprofile.png'),
('BIO-STU1608126EAB163', NULL, NULL, NULL, NULL, NULL, NULL, NULL, NULL, NULL, NULL, NULL, NULL, NULL, NULL, NULL, NULL, '../style/images/defaultprofile.png'),
('BIO-STU1608126EAB164', NULL, NULL, NULL, NULL, NULL, NULL, NULL, NULL, NULL, NULL, NULL, NULL, NULL, NULL, NULL, NULL, '../style/images/defaultprofile.png'),
('BIO-STU1608126EAB165', NULL, NULL, NULL, NULL, NULL, NULL, NULL, NULL, NULL, NULL, NULL, NULL, NULL, NULL, NULL, NULL, '../style/images/defaultprofile.png'),
('BIO-STU1608126EAB166', NULL, NULL, NULL, NULL, NULL, NULL, NULL, NULL, NULL, NULL, NULL, NULL, NULL, NULL, NULL, NULL, '../style/images/defaultprofile.png'),
('BIO-STU1608126EAB167', NULL, NULL, NULL, NULL, NULL, NULL, NULL, NULL, NULL, NULL, NULL, NULL, NULL, NULL, NULL, NULL, '../style/images/defaultprofile.png'),
('BIO-STU1608126EAB168', NULL, NULL, NULL, NULL, NULL, NULL, NULL, NULL, NULL, NULL, NULL, NULL, NULL, NULL, NULL, NULL, '../style/images/defaultprofile.png'),
('BIO-STU1608126EAB169', NULL, NULL, NULL, NULL, NULL, NULL, NULL, NULL, NULL, NULL, NULL, NULL, NULL, NULL, NULL, NULL, '../style/images/defaultprofile.png'),
('BIO-STU1608126EAB17', NULL, NULL, NULL, NULL, NULL, NULL, NULL, NULL, NULL, NULL, NULL, NULL, NULL, NULL, NULL, NULL, '../style/images/defaultprofile.png'),
('BIO-STU1608126EAB170', NULL, NULL, NULL, NULL, NULL, NULL, NULL, NULL, NULL, NULL, NULL, NULL, NULL, NULL, NULL, NULL, '../style/images/defaultprofile.png'),
('BIO-STU1608126EAB171', NULL, NULL, NULL, NULL, NULL, NULL, NULL, NULL, NULL, NULL, NULL, NULL, NULL, NULL, NULL, NULL, '../style/images/defaultprofile.png'),
('BIO-STU1608126EAB172', NULL, NULL, NULL, NULL, NULL, NULL, NULL, NULL, NULL, NULL, NULL, NULL, NULL, NULL, NULL, NULL, '../style/images/defaultprofile.png'),
('BIO-STU1608126EAB173', NULL, NULL, NULL, NULL, NULL, NULL, NULL, NULL, NULL, NULL, NULL, NULL, NULL, NULL, NULL, NULL, '../style/images/defaultprofile.png'),
('BIO-STU1608126EAB174', NULL, NULL, NULL, NULL, NULL, NULL, NULL, NULL, NULL, NULL, NULL, NULL, NULL, NULL, NULL, NULL, '../style/images/defaultprofile.png'),
('BIO-STU1608126EAB175', NULL, NULL, NULL, NULL, NULL, NULL, NULL, NULL, NULL, NULL, NULL, NULL, NULL, NULL, NULL, NULL, '../style/images/defaultprofile.png'),
('BIO-STU1608126EAB176', NULL, NULL, NULL, NULL, NULL, NULL, NULL, NULL, NULL, NULL, NULL, NULL, NULL, NULL, NULL, NULL, '../style/images/defaultprofile.png'),
('BIO-STU1608126EAB177', NULL, NULL, NULL, NULL, NULL, NULL, NULL, NULL, NULL, NULL, NULL, NULL, NULL, NULL, NULL, NULL, '../style/images/defaultprofile.png'),
('BIO-STU1608126EAB178', NULL, NULL, NULL, NULL, NULL, NULL, NULL, NULL, NULL, NULL, NULL, NULL, NULL, NULL, NULL, NULL, '../style/images/defaultprofile.png'),
('BIO-STU1608126EAB179', NULL, NULL, NULL, NULL, NULL, NULL, NULL, NULL, NULL, NULL, NULL, NULL, NULL, NULL, NULL, NULL, '../style/images/defaultprofile.png'),
('BIO-STU1608126EAB18', NULL, NULL, NULL, NULL, NULL, NULL, NULL, NULL, NULL, NULL, NULL, NULL, NULL, NULL, NULL, NULL, '../style/images/defaultprofile.png'),
('BIO-STU1608126EAB180', NULL, NULL, NULL, NULL, NULL, NULL, NULL, NULL, NULL, NULL, NULL, NULL, NULL, NULL, NULL, NULL, '../style/images/defaultprofile.png'),
('BIO-STU1608126EAB181', NULL, NULL, NULL, NULL, NULL, NULL, NULL, NULL, NULL, NULL, NULL, NULL, NULL, NULL, NULL, NULL, '../style/images/defaultprofile.png'),
('BIO-STU1608126EAB182', NULL, NULL, NULL, NULL, NULL, NULL, NULL, NULL, NULL, NULL, NULL, NULL, NULL, NULL, NULL, NULL, '../style/images/defaultprofile.png'),
('BIO-STU1608126EAB183', NULL, NULL, NULL, NULL, NULL, NULL, NULL, NULL, NULL, NULL, NULL, NULL, NULL, NULL, NULL, NULL, '../style/images/defaultprofile.png'),
('BIO-STU1608126EAB184', NULL, NULL, NULL, NULL, NULL, NULL, NULL, NULL, NULL, NULL, NULL, NULL, NULL, NULL, NULL, NULL, '../style/images/defaultprofile.png'),
('BIO-STU1608126EAB185', NULL, NULL, NULL, NULL, NULL, NULL, NULL, NULL, NULL, NULL, NULL, NULL, NULL, NULL, NULL, NULL, '../style/images/defaultprofile.png'),
('BIO-STU1608126EAB186', NULL, NULL, NULL, NULL, NULL, NULL, NULL, NULL, NULL, NULL, NULL, NULL, NULL, NULL, NULL, NULL, '../style/images/defaultprofile.png'),
('BIO-STU1608126EAB187', NULL, NULL, NULL, NULL, NULL, NULL, NULL, NULL, NULL, NULL, NULL, NULL, NULL, NULL, NULL, NULL, '../style/images/defaultprofile.png'),
('BIO-STU1608126EAB188', NULL, NULL, NULL, NULL, NULL, NULL, NULL, NULL, NULL, NULL, NULL, NULL, NULL, NULL, NULL, NULL, '../style/images/defaultprofile.png'),
('BIO-STU1608126EAB189', NULL, NULL, NULL, NULL, NULL, NULL, NULL, NULL, NULL, NULL, NULL, NULL, NULL, NULL, NULL, NULL, '../style/images/defaultprofile.png'),
('BIO-STU1608126EAB19', NULL, NULL, NULL, NULL, NULL, NULL, NULL, NULL, NULL, NULL, NULL, NULL, NULL, NULL, NULL, NULL, '../style/images/defaultprofile.png'),
('BIO-STU1608126EAB190', NULL, NULL, NULL, NULL, NULL, NULL, NULL, NULL, NULL, NULL, NULL, NULL, NULL, NULL, NULL, NULL, '../style/images/defaultprofile.png'),
('BIO-STU1608126EAB191', NULL, NULL, NULL, NULL, NULL, NULL, NULL, NULL, NULL, NULL, NULL, NULL, NULL, NULL, NULL, NULL, '../style/images/defaultprofile.png'),
('BIO-STU1608126EAB192', NULL, NULL, NULL, NULL, NULL, NULL, NULL, NULL, NULL, NULL, NULL, NULL, NULL, NULL, NULL, NULL, '../style/images/defaultprofile.png'),
('BIO-STU1608126EAB193', NULL, NULL, NULL, NULL, NULL, NULL, NULL, NULL, NULL, NULL, NULL, NULL, NULL, NULL, NULL, NULL, '../style/images/defaultprofile.png'),
('BIO-STU1608126EAB194', NULL, NULL, NULL, NULL, NULL, NULL, NULL, NULL, NULL, NULL, NULL, NULL, NULL, NULL, NULL, NULL, '../style/images/defaultprofile.png'),
('BIO-STU1608126EAB195', NULL, NULL, NULL, NULL, NULL, NULL, NULL, NULL, NULL, NULL, NULL, NULL, NULL, NULL, NULL, NULL, '../style/images/defaultprofile.png'),
('BIO-STU1608126EAB196', NULL, NULL, NULL, NULL, NULL, NULL, NULL, NULL, NULL, NULL, NULL, NULL, NULL, NULL, NULL, NULL, '../style/images/defaultprofile.png'),
('BIO-STU1608126EAB197', NULL, NULL, NULL, NULL, NULL, NULL, NULL, NULL, NULL, NULL, NULL, NULL, NULL, NULL, NULL, NULL, '../style/images/defaultprofile.png'),
('BIO-STU1608126EAB198', NULL, NULL, NULL, NULL, NULL, NULL, NULL, NULL, NULL, NULL, NULL, NULL, NULL, NULL, NULL, NULL, '../style/images/defaultprofile.png'),
('BIO-STU1608126EAB199', NULL, NULL, NULL, NULL, NULL, NULL, NULL, NULL, NULL, NULL, NULL, NULL, NULL, NULL, NULL, NULL, '../style/images/defaultprofile.png'),
('BIO-STU1608126EAB2', NULL, NULL, NULL, NULL, NULL, NULL, NULL, NULL, NULL, NULL, NULL, NULL, NULL, NULL, NULL, NULL, '../style/images/defaultprofile.png'),
('BIO-STU1608126EAB20', NULL, NULL, NULL, NULL, NULL, NULL, NULL, NULL, NULL, NULL, NULL, NULL, NULL, NULL, NULL, NULL, '../style/images/defaultprofile.png'),
('BIO-STU1608126EAB200', NULL, NULL, NULL, NULL, NULL, NULL, NULL, NULL, NULL, NULL, NULL, NULL, NULL, NULL, NULL, NULL, '../style/images/defaultprofile.png'),
('BIO-STU1608126EAB201', NULL, NULL, NULL, NULL, NULL, NULL, NULL, NULL, NULL, NULL, NULL, NULL, NULL, NULL, NULL, NULL, '../style/images/defaultprofile.png'),
('BIO-STU1608126EAB202', NULL, NULL, NULL, NULL, NULL, NULL, NULL, NULL, NULL, NULL, NULL, NULL, NULL, NULL, NULL, NULL, '../style/images/defaultprofile.png'),
('BIO-STU1608126EAB203', NULL, NULL, NULL, NULL, NULL, NULL, NULL, NULL, NULL, NULL, NULL, NULL, NULL, NULL, NULL, NULL, '../style/images/defaultprofile.png'),
('BIO-STU1608126EAB204', NULL, NULL, NULL, NULL, NULL, NULL, NULL, NULL, NULL, NULL, NULL, NULL, NULL, NULL, NULL, NULL, '../style/images/defaultprofile.png'),
('BIO-STU1608126EAB205', NULL, NULL, NULL, NULL, NULL, NULL, NULL, NULL, NULL, NULL, NULL, NULL, NULL, NULL, NULL, NULL, '../style/images/defaultprofile.png'),
('BIO-STU1608126EAB206', NULL, NULL, NULL, NULL, NULL, NULL, NULL, NULL, NULL, NULL, NULL, NULL, NULL, NULL, NULL, NULL, '../style/images/defaultprofile.png'),
('BIO-STU1608126EAB207', NULL, NULL, NULL, NULL, NULL, NULL, NULL, NULL, NULL, NULL, NULL, NULL, NULL, NULL, NULL, NULL, '../style/images/defaultprofile.png'),
('BIO-STU1608126EAB208', NULL, NULL, NULL, NULL, NULL, NULL, NULL, NULL, NULL, NULL, NULL, NULL, NULL, NULL, NULL, NULL, '../style/images/defaultprofile.png'),
('BIO-STU1608126EAB209', NULL, NULL, NULL, NULL, NULL, NULL, NULL, NULL, NULL, NULL, NULL, NULL, NULL, NULL, NULL, NULL, '../style/images/defaultprofile.png'),
('BIO-STU1608126EAB21', NULL, NULL, NULL, NULL, NULL, NULL, NULL, NULL, NULL, NULL, NULL, NULL, NULL, NULL, NULL, NULL, '../style/images/defaultprofile.png'),
('BIO-STU1608126EAB210', NULL, NULL, NULL, NULL, NULL, NULL, NULL, NULL, NULL, NULL, NULL, NULL, NULL, NULL, NULL, NULL, '../style/images/defaultprofile.png'),
('BIO-STU1608126EAB211', NULL, NULL, NULL, NULL, NULL, NULL, NULL, NULL, NULL, NULL, NULL, NULL, NULL, NULL, NULL, NULL, '../style/images/defaultprofile.png'),
('BIO-STU1608126EAB212', NULL, NULL, NULL, NULL, NULL, NULL, NULL, NULL, NULL, NULL, NULL, NULL, NULL, NULL, NULL, NULL, '../style/images/defaultprofile.png'),
('BIO-STU1608126EAB213', NULL, NULL, NULL, NULL, NULL, NULL, NULL, NULL, NULL, NULL, NULL, NULL, NULL, NULL, NULL, NULL, '../style/images/defaultprofile.png'),
('BIO-STU1608126EAB214', NULL, NULL, NULL, NULL, NULL, NULL, NULL, NULL, NULL, NULL, NULL, NULL, NULL, NULL, NULL, NULL, '../style/images/defaultprofile.png'),
('BIO-STU1608126EAB215', NULL, NULL, NULL, NULL, NULL, NULL, NULL, NULL, NULL, NULL, NULL, NULL, NULL, NULL, NULL, NULL, '../style/images/defaultprofile.png'),
('BIO-STU1608126EAB216', NULL, NULL, NULL, NULL, NULL, NULL, NULL, NULL, NULL, NULL, NULL, NULL, NULL, NULL, NULL, NULL, '../style/images/defaultprofile.png'),
('BIO-STU1608126EAB217', NULL, NULL, NULL, NULL, NULL, NULL, NULL, NULL, NULL, NULL, NULL, NULL, NULL, NULL, NULL, NULL, '../style/images/defaultprofile.png'),
('BIO-STU1608126EAB218', NULL, NULL, NULL, NULL, NULL, NULL, NULL, NULL, NULL, NULL, NULL, NULL, NULL, NULL, NULL, NULL, '../style/images/defaultprofile.png'),
('BIO-STU1608126EAB219', NULL, NULL, NULL, NULL, NULL, NULL, NULL, NULL, NULL, NULL, NULL, NULL, NULL, NULL, NULL, NULL, '../style/images/defaultprofile.png'),
('BIO-STU1608126EAB22', NULL, NULL, NULL, NULL, NULL, NULL, NULL, NULL, NULL, NULL, NULL, NULL, NULL, NULL, NULL, NULL, '../style/images/defaultprofile.png'),
('BIO-STU1608126EAB220', NULL, NULL, NULL, NULL, NULL, NULL, NULL, NULL, NULL, NULL, NULL, NULL, NULL, NULL, NULL, NULL, '../style/images/defaultprofile.png'),
('BIO-STU1608126EAB221', NULL, NULL, NULL, NULL, NULL, NULL, NULL, NULL, NULL, NULL, NULL, NULL, NULL, NULL, NULL, NULL, '../style/images/defaultprofile.png'),
('BIO-STU1608126EAB222', NULL, NULL, NULL, NULL, NULL, NULL, NULL, NULL, NULL, NULL, NULL, NULL, NULL, NULL, NULL, NULL, '../style/images/defaultprofile.png'),
('BIO-STU1608126EAB223', NULL, NULL, NULL, NULL, NULL, NULL, NULL, NULL, NULL, NULL, NULL, NULL, NULL, NULL, NULL, NULL, '../style/images/defaultprofile.png'),
('BIO-STU1608126EAB224', NULL, NULL, NULL, NULL, NULL, NULL, NULL, NULL, NULL, NULL, NULL, NULL, NULL, NULL, NULL, NULL, '../style/images/defaultprofile.png'),
('BIO-STU1608126EAB225', NULL, NULL, NULL, NULL, NULL, NULL, NULL, NULL, NULL, NULL, NULL, NULL, NULL, NULL, NULL, NULL, '../style/images/defaultprofile.png'),
('BIO-STU1608126EAB226', NULL, NULL, NULL, NULL, NULL, NULL, NULL, NULL, NULL, NULL, NULL, NULL, NULL, NULL, NULL, NULL, '../style/images/defaultprofile.png'),
('BIO-STU1608126EAB227', NULL, NULL, NULL, NULL, NULL, NULL, NULL, NULL, NULL, NULL, NULL, NULL, NULL, NULL, NULL, NULL, '../style/images/defaultprofile.png'),
('BIO-STU1608126EAB228', NULL, NULL, NULL, NULL, NULL, NULL, NULL, NULL, NULL, NULL, NULL, NULL, NULL, NULL, NULL, NULL, '../style/images/defaultprofile.png'),
('BIO-STU1608126EAB229', NULL, NULL, NULL, NULL, NULL, NULL, NULL, NULL, NULL, NULL, NULL, NULL, NULL, NULL, NULL, NULL, '../style/images/defaultprofile.png'),
('BIO-STU1608126EAB23', NULL, NULL, NULL, NULL, NULL, NULL, NULL, NULL, NULL, NULL, NULL, NULL, NULL, NULL, NULL, NULL, '../style/images/defaultprofile.png'),
('BIO-STU1608126EAB230', NULL, NULL, NULL, NULL, NULL, NULL, NULL, NULL, NULL, NULL, NULL, NULL, NULL, NULL, NULL, NULL, '../style/images/defaultprofile.png'),
('BIO-STU1608126EAB231', NULL, NULL, NULL, NULL, NULL, NULL, NULL, NULL, NULL, NULL, NULL, NULL, NULL, NULL, NULL, NULL, '../style/images/defaultprofile.png'),
('BIO-STU1608126EAB232', NULL, NULL, NULL, NULL, NULL, NULL, NULL, NULL, NULL, NULL, NULL, NULL, NULL, NULL, NULL, NULL, '../style/images/defaultprofile.png'),
('BIO-STU1608126EAB233', NULL, NULL, NULL, NULL, NULL, NULL, NULL, NULL, NULL, NULL, NULL, NULL, NULL, NULL, NULL, NULL, '../style/images/defaultprofile.png'),
('BIO-STU1608126EAB234', NULL, NULL, NULL, NULL, NULL, NULL, NULL, NULL, NULL, NULL, NULL, NULL, NULL, NULL, NULL, NULL, '../style/images/defaultprofile.png'),
('BIO-STU1608126EAB235', NULL, NULL, NULL, NULL, NULL, NULL, NULL, NULL, NULL, NULL, NULL, NULL, NULL, NULL, NULL, NULL, '../style/images/defaultprofile.png'),
('BIO-STU1608126EAB236', NULL, NULL, NULL, NULL, NULL, NULL, NULL, NULL, NULL, NULL, NULL, NULL, NULL, NULL, NULL, NULL, '../style/images/defaultprofile.png'),
('BIO-STU1608126EAB237', NULL, NULL, NULL, NULL, NULL, NULL, NULL, NULL, NULL, NULL, NULL, NULL, NULL, NULL, NULL, NULL, '../style/images/defaultprofile.png'),
('BIO-STU1608126EAB238', NULL, NULL, NULL, NULL, NULL, NULL, NULL, NULL, NULL, NULL, NULL, NULL, NULL, NULL, NULL, NULL, '../style/images/defaultprofile.png'),
('BIO-STU1608126EAB239', NULL, NULL, NULL, NULL, NULL, NULL, NULL, NULL, NULL, NULL, NULL, NULL, NULL, NULL, NULL, NULL, '../style/images/defaultprofile.png'),
('BIO-STU1608126EAB24', NULL, NULL, NULL, NULL, NULL, NULL, NULL, NULL, NULL, NULL, NULL, NULL, NULL, NULL, NULL, NULL, '../style/images/defaultprofile.png'),
('BIO-STU1608126EAB240', NULL, NULL, NULL, NULL, NULL, NULL, NULL, NULL, NULL, NULL, NULL, NULL, NULL, NULL, NULL, NULL, '../style/images/defaultprofile.png'),
('BIO-STU1608126EAB241', NULL, NULL, NULL, NULL, NULL, NULL, NULL, NULL, NULL, NULL, NULL, NULL, NULL, NULL, NULL, NULL, '../style/images/defaultprofile.png'),
('BIO-STU1608126EAB242', NULL, NULL, NULL, NULL, NULL, NULL, NULL, NULL, NULL, NULL, NULL, NULL, NULL, NULL, NULL, NULL, '../style/images/defaultprofile.png'),
('BIO-STU1608126EAB243', NULL, NULL, NULL, NULL, NULL, NULL, NULL, NULL, NULL, NULL, NULL, NULL, NULL, NULL, NULL, NULL, '../style/images/defaultprofile.png'),
('BIO-STU1608126EAB244', NULL, NULL, NULL, NULL, NULL, NULL, NULL, NULL, NULL, NULL, NULL, NULL, NULL, NULL, NULL, NULL, '../style/images/defaultprofile.png'),
('BIO-STU1608126EAB245', NULL, NULL, NULL, NULL, NULL, NULL, NULL, NULL, NULL, NULL, NULL, NULL, NULL, NULL, NULL, NULL, '../style/images/defaultprofile.png'),
('BIO-STU1608126EAB246', NULL, NULL, NULL, NULL, NULL, NULL, NULL, NULL, NULL, NULL, NULL, NULL, NULL, NULL, NULL, NULL, '../style/images/defaultprofile.png'),
('BIO-STU1608126EAB247', NULL, NULL, NULL, NULL, NULL, NULL, NULL, NULL, NULL, NULL, NULL, NULL, NULL, NULL, NULL, NULL, '../style/images/defaultprofile.png'),
('BIO-STU1608126EAB248', NULL, NULL, NULL, NULL, NULL, NULL, NULL, NULL, NULL, NULL, NULL, NULL, NULL, NULL, NULL, NULL, '../style/images/defaultprofile.png'),
('BIO-STU1608126EAB249', NULL, NULL, NULL, NULL, NULL, NULL, NULL, NULL, NULL, NULL, NULL, NULL, NULL, NULL, NULL, NULL, '../style/images/defaultprofile.png'),
('BIO-STU1608126EAB25', NULL, NULL, NULL, NULL, NULL, NULL, NULL, NULL, NULL, NULL, NULL, NULL, NULL, NULL, NULL, NULL, '../style/images/defaultprofile.png'),
('BIO-STU1608126EAB250', NULL, NULL, NULL, NULL, NULL, NULL, NULL, NULL, NULL, NULL, NULL, NULL, NULL, NULL, NULL, NULL, '../style/images/defaultprofile.png'),
('BIO-STU1608126EAB251', NULL, NULL, NULL, NULL, NULL, NULL, NULL, NULL, NULL, NULL, NULL, NULL, NULL, NULL, NULL, NULL, '../style/images/defaultprofile.png'),
('BIO-STU1608126EAB252', NULL, NULL, NULL, NULL, NULL, NULL, NULL, NULL, NULL, NULL, NULL, NULL, NULL, NULL, NULL, NULL, '../style/images/defaultprofile.png'),
('BIO-STU1608126EAB253', NULL, NULL, NULL, NULL, NULL, NULL, NULL, NULL, NULL, NULL, NULL, NULL, NULL, NULL, NULL, NULL, '../style/images/defaultprofile.png'),
('BIO-STU1608126EAB254', NULL, NULL, NULL, NULL, NULL, NULL, NULL, NULL, NULL, NULL, NULL, NULL, NULL, NULL, NULL, NULL, '../style/images/defaultprofile.png'),
('BIO-STU1608126EAB255', NULL, NULL, NULL, NULL, NULL, NULL, NULL, NULL, NULL, NULL, NULL, NULL, NULL, NULL, NULL, NULL, '../style/images/defaultprofile.png'),
('BIO-STU1608126EAB256', NULL, NULL, NULL, NULL, NULL, NULL, NULL, NULL, NULL, NULL, NULL, NULL, NULL, NULL, NULL, NULL, '../style/images/defaultprofile.png'),
('BIO-STU1608126EAB257', NULL, NULL, NULL, NULL, NULL, NULL, NULL, NULL, NULL, NULL, NULL, NULL, NULL, NULL, NULL, NULL, '../style/images/defaultprofile.png'),
('BIO-STU1608126EAB258', NULL, NULL, NULL, NULL, NULL, NULL, NULL, NULL, NULL, NULL, NULL, NULL, NULL, NULL, NULL, NULL, '../style/images/defaultprofile.png'),
('BIO-STU1608126EAB26', NULL, NULL, NULL, NULL, NULL, NULL, NULL, NULL, NULL, NULL, NULL, NULL, NULL, NULL, NULL, NULL, '../style/images/defaultprofile.png'),
('BIO-STU1608126EAB27', NULL, NULL, NULL, NULL, NULL, NULL, NULL, NULL, NULL, NULL, NULL, NULL, NULL, NULL, NULL, NULL, '../style/images/defaultprofile.png'),
('BIO-STU1608126EAB28', NULL, NULL, NULL, NULL, NULL, NULL, NULL, NULL, NULL, NULL, NULL, NULL, NULL, NULL, NULL, NULL, '../style/images/defaultprofile.png'),
('BIO-STU1608126EAB29', NULL, NULL, NULL, NULL, NULL, NULL, NULL, NULL, NULL, NULL, NULL, NULL, NULL, NULL, NULL, NULL, '../style/images/defaultprofile.png'),
('BIO-STU1608126EAB3', NULL, NULL, NULL, NULL, NULL, NULL, NULL, NULL, NULL, NULL, NULL, NULL, NULL, NULL, NULL, NULL, '../style/images/defaultprofile.png'),
('BIO-STU1608126EAB30', NULL, NULL, NULL, NULL, NULL, NULL, NULL, NULL, NULL, NULL, NULL, NULL, NULL, NULL, NULL, NULL, '../style/images/defaultprofile.png'),
('BIO-STU1608126EAB31', NULL, NULL, NULL, NULL, NULL, NULL, NULL, NULL, NULL, NULL, NULL, NULL, NULL, NULL, NULL, NULL, '../style/images/defaultprofile.png'),
('BIO-STU1608126EAB32', NULL, NULL, NULL, NULL, NULL, NULL, NULL, NULL, NULL, NULL, NULL, NULL, NULL, NULL, NULL, NULL, '../style/images/defaultprofile.png'),
('BIO-STU1608126EAB33', NULL, NULL, NULL, NULL, NULL, NULL, NULL, NULL, NULL, NULL, NULL, NULL, NULL, NULL, NULL, NULL, '../style/images/defaultprofile.png'),
('BIO-STU1608126EAB34', NULL, NULL, NULL, NULL, NULL, NULL, NULL, NULL, NULL, NULL, NULL, NULL, NULL, NULL, NULL, NULL, '../style/images/defaultprofile.png'),
('BIO-STU1608126EAB35', NULL, NULL, NULL, NULL, NULL, NULL, NULL, NULL, NULL, NULL, NULL, NULL, NULL, NULL, NULL, NULL, '../style/images/defaultprofile.png'),
('BIO-STU1608126EAB36', NULL, NULL, NULL, NULL, NULL, NULL, NULL, NULL, NULL, NULL, NULL, NULL, NULL, NULL, NULL, NULL, '../style/images/defaultprofile.png'),
('BIO-STU1608126EAB37', NULL, NULL, NULL, NULL, NULL, NULL, NULL, NULL, NULL, NULL, NULL, NULL, NULL, NULL, NULL, NULL, '../style/images/defaultprofile.png'),
('BIO-STU1608126EAB38', NULL, NULL, NULL, NULL, NULL, NULL, NULL, NULL, NULL, NULL, NULL, NULL, NULL, NULL, NULL, NULL, '../style/images/defaultprofile.png'),
('BIO-STU1608126EAB39', NULL, NULL, NULL, NULL, NULL, NULL, NULL, NULL, NULL, NULL, NULL, NULL, NULL, NULL, NULL, NULL, '../style/images/defaultprofile.png'),
('BIO-STU1608126EAB4', NULL, NULL, NULL, NULL, NULL, NULL, NULL, NULL, NULL, NULL, NULL, NULL, NULL, NULL, NULL, NULL, '../style/images/defaultprofile.png'),
('BIO-STU1608126EAB40', NULL, NULL, NULL, NULL, NULL, NULL, NULL, NULL, NULL, NULL, NULL, NULL, NULL, NULL, NULL, NULL, '../style/images/defaultprofile.png'),
('BIO-STU1608126EAB41', NULL, NULL, NULL, NULL, NULL, NULL, NULL, NULL, NULL, NULL, NULL, NULL, NULL, NULL, NULL, NULL, '../style/images/defaultprofile.png'),
('BIO-STU1608126EAB42', NULL, NULL, NULL, NULL, NULL, NULL, NULL, NULL, NULL, NULL, NULL, NULL, NULL, NULL, NULL, NULL, '../style/images/defaultprofile.png'),
('BIO-STU1608126EAB43', NULL, NULL, NULL, NULL, NULL, NULL, NULL, NULL, NULL, NULL, NULL, NULL, NULL, NULL, NULL, NULL, '../style/images/defaultprofile.png'),
('BIO-STU1608126EAB44', NULL, NULL, NULL, NULL, NULL, NULL, NULL, NULL, NULL, NULL, NULL, NULL, NULL, NULL, NULL, NULL, '../style/images/defaultprofile.png'),
('BIO-STU1608126EAB45', NULL, NULL, NULL, NULL, NULL, NULL, NULL, NULL, NULL, NULL, NULL, NULL, NULL, NULL, NULL, NULL, '../style/images/defaultprofile.png'),
('BIO-STU1608126EAB46', '', '', '', 0, 0, '', '', 'hdeiuhdie', '', '', 0, '', '', '', 0, 0, '../style/images/Nurhanifah SalsabilaBIO-STU1608126EAB46161701057.jpg'),
('BIO-STU1608126EAB47', NULL, NULL, NULL, NULL, NULL, NULL, NULL, NULL, NULL, NULL, NULL, NULL, NULL, NULL, NULL, NULL, '../style/images/defaultprofile.png'),
('BIO-STU1608126EAB48', NULL, NULL, NULL, NULL, NULL, NULL, NULL, NULL, NULL, NULL, NULL, NULL, NULL, NULL, NULL, NULL, '../style/images/defaultprofile.png'),
('BIO-STU1608126EAB49', NULL, NULL, NULL, NULL, NULL, NULL, NULL, NULL, NULL, NULL, NULL, NULL, NULL, NULL, NULL, NULL, '../style/images/defaultprofile.png'),
('BIO-STU1608126EAB5', NULL, NULL, NULL, NULL, NULL, NULL, NULL, NULL, NULL, NULL, NULL, NULL, NULL, NULL, NULL, NULL, '../style/images/defaultprofile.png'),
('BIO-STU1608126EAB50', NULL, NULL, NULL, NULL, NULL, NULL, NULL, NULL, NULL, NULL, NULL, NULL, NULL, NULL, NULL, NULL, '../style/images/defaultprofile.png'),
('BIO-STU1608126EAB51', NULL, NULL, NULL, NULL, NULL, NULL, NULL, NULL, NULL, NULL, NULL, NULL, NULL, NULL, NULL, NULL, '../style/images/defaultprofile.png'),
('BIO-STU1608126EAB52', NULL, NULL, NULL, NULL, NULL, NULL, NULL, NULL, NULL, NULL, NULL, NULL, NULL, NULL, NULL, NULL, '../style/images/defaultprofile.png'),
('BIO-STU1608126EAB53', NULL, NULL, NULL, NULL, NULL, NULL, NULL, NULL, NULL, NULL, NULL, NULL, NULL, NULL, NULL, NULL, '../style/images/defaultprofile.png'),
('BIO-STU1608126EAB54', NULL, NULL, NULL, NULL, NULL, NULL, NULL, NULL, NULL, NULL, NULL, NULL, NULL, NULL, NULL, NULL, '../style/images/defaultprofile.png'),
('BIO-STU1608126EAB55', NULL, NULL, NULL, NULL, NULL, NULL, NULL, NULL, NULL, NULL, NULL, NULL, NULL, NULL, NULL, NULL, '../style/images/defaultprofile.png'),
('BIO-STU1608126EAB56', NULL, NULL, NULL, NULL, NULL, NULL, NULL, NULL, NULL, NULL, NULL, NULL, NULL, NULL, NULL, NULL, '../style/images/defaultprofile.png'),
('BIO-STU1608126EAB57', NULL, NULL, NULL, NULL, NULL, NULL, NULL, NULL, NULL, NULL, NULL, NULL, NULL, NULL, NULL, NULL, '../style/images/defaultprofile.png'),
('BIO-STU1608126EAB58', NULL, NULL, NULL, NULL, NULL, NULL, NULL, NULL, NULL, NULL, NULL, NULL, NULL, NULL, NULL, NULL, '../style/images/defaultprofile.png'),
('BIO-STU1608126EAB59', NULL, NULL, NULL, NULL, NULL, NULL, NULL, NULL, NULL, NULL, NULL, NULL, NULL, NULL, NULL, NULL, '../style/images/defaultprofile.png'),
('BIO-STU1608126EAB6', NULL, NULL, NULL, NULL, NULL, NULL, NULL, NULL, NULL, NULL, NULL, NULL, NULL, NULL, NULL, NULL, '../style/images/defaultprofile.png'),
('BIO-STU1608126EAB60', NULL, NULL, NULL, NULL, NULL, NULL, NULL, NULL, NULL, NULL, NULL, NULL, NULL, NULL, NULL, NULL, '../style/images/defaultprofile.png'),
('BIO-STU1608126EAB61', NULL, NULL, NULL, NULL, NULL, NULL, NULL, NULL, NULL, NULL, NULL, NULL, NULL, NULL, NULL, NULL, '../style/images/defaultprofile.png'),
('BIO-STU1608126EAB62', NULL, NULL, NULL, NULL, NULL, NULL, NULL, NULL, NULL, NULL, NULL, NULL, NULL, NULL, NULL, NULL, '../style/images/defaultprofile.png'),
('BIO-STU1608126EAB63', NULL, NULL, NULL, NULL, NULL, NULL, NULL, NULL, NULL, NULL, NULL, NULL, NULL, NULL, NULL, NULL, '../style/images/defaultprofile.png'),
('BIO-STU1608126EAB64', NULL, NULL, NULL, NULL, NULL, NULL, NULL, NULL, NULL, NULL, NULL, NULL, NULL, NULL, NULL, NULL, '../style/images/defaultprofile.png'),
('BIO-STU1608126EAB65', NULL, NULL, NULL, NULL, NULL, NULL, NULL, NULL, NULL, NULL, NULL, NULL, NULL, NULL, NULL, NULL, '../style/images/defaultprofile.png'),
('BIO-STU1608126EAB66', NULL, NULL, NULL, NULL, NULL, NULL, NULL, NULL, NULL, NULL, NULL, NULL, NULL, NULL, NULL, NULL, '../style/images/defaultprofile.png'),
('BIO-STU1608126EAB67', NULL, NULL, NULL, NULL, NULL, NULL, NULL, NULL, NULL, NULL, NULL, NULL, NULL, NULL, NULL, NULL, '../style/images/defaultprofile.png'),
('BIO-STU1608126EAB68', NULL, NULL, NULL, NULL, NULL, NULL, NULL, NULL, NULL, NULL, NULL, NULL, NULL, NULL, NULL, NULL, '../style/images/defaultprofile.png'),
('BIO-STU1608126EAB69', NULL, NULL, NULL, NULL, NULL, NULL, NULL, NULL, NULL, NULL, NULL, NULL, NULL, NULL, NULL, NULL, '../style/images/defaultprofile.png'),
('BIO-STU1608126EAB7', NULL, NULL, NULL, NULL, NULL, NULL, NULL, NULL, NULL, NULL, NULL, NULL, NULL, NULL, NULL, NULL, '../style/images/defaultprofile.png'),
('BIO-STU1608126EAB70', NULL, NULL, NULL, NULL, NULL, NULL, NULL, NULL, NULL, NULL, NULL, NULL, NULL, NULL, NULL, NULL, '../style/images/defaultprofile.png'),
('BIO-STU1608126EAB71', NULL, NULL, NULL, NULL, NULL, NULL, NULL, NULL, NULL, NULL, NULL, NULL, NULL, NULL, NULL, NULL, '../style/images/defaultprofile.png'),
('BIO-STU1608126EAB72', NULL, NULL, NULL, NULL, NULL, NULL, NULL, NULL, NULL, NULL, NULL, NULL, NULL, NULL, NULL, NULL, '../style/images/defaultprofile.png'),
('BIO-STU1608126EAB73', NULL, NULL, NULL, NULL, NULL, NULL, NULL, NULL, NULL, NULL, NULL, NULL, NULL, NULL, NULL, NULL, '../style/images/defaultprofile.png'),
('BIO-STU1608126EAB74', NULL, NULL, NULL, NULL, NULL, NULL, NULL, NULL, NULL, NULL, NULL, NULL, NULL, NULL, NULL, NULL, '../style/images/defaultprofile.png'),
('BIO-STU1608126EAB75', NULL, NULL, NULL, NULL, NULL, NULL, NULL, NULL, NULL, NULL, NULL, NULL, NULL, NULL, NULL, NULL, '../style/images/defaultprofile.png'),
('BIO-STU1608126EAB76', NULL, NULL, NULL, NULL, NULL, NULL, NULL, NULL, NULL, NULL, NULL, NULL, NULL, NULL, NULL, NULL, '../style/images/defaultprofile.png'),
('BIO-STU1608126EAB77', NULL, NULL, NULL, NULL, NULL, NULL, NULL, NULL, NULL, NULL, NULL, NULL, NULL, NULL, NULL, NULL, '../style/images/defaultprofile.png'),
('BIO-STU1608126EAB78', NULL, NULL, NULL, NULL, NULL, NULL, NULL, NULL, NULL, NULL, NULL, NULL, NULL, NULL, NULL, NULL, '../style/images/defaultprofile.png'),
('BIO-STU1608126EAB79', NULL, NULL, NULL, NULL, NULL, NULL, NULL, NULL, NULL, NULL, NULL, NULL, NULL, NULL, NULL, NULL, '../style/images/defaultprofile.png'),
('BIO-STU1608126EAB8', NULL, NULL, NULL, NULL, NULL, NULL, NULL, NULL, NULL, NULL, NULL, NULL, NULL, NULL, NULL, NULL, '../style/images/defaultprofile.png'),
('BIO-STU1608126EAB80', NULL, NULL, NULL, NULL, NULL, NULL, NULL, NULL, NULL, NULL, NULL, NULL, NULL, NULL, NULL, NULL, '../style/images/defaultprofile.png'),
('BIO-STU1608126EAB81', NULL, NULL, NULL, NULL, NULL, NULL, NULL, NULL, NULL, NULL, NULL, NULL, NULL, NULL, NULL, NULL, '../style/images/defaultprofile.png'),
('BIO-STU1608126EAB82', NULL, NULL, NULL, NULL, NULL, NULL, NULL, NULL, NULL, NULL, NULL, NULL, NULL, NULL, NULL, NULL, '../style/images/defaultprofile.png'),
('BIO-STU1608126EAB83', NULL, NULL, NULL, NULL, NULL, NULL, NULL, NULL, NULL, NULL, NULL, NULL, NULL, NULL, NULL, NULL, '../style/images/defaultprofile.png'),
('BIO-STU1608126EAB84', NULL, NULL, NULL, NULL, NULL, NULL, NULL, NULL, NULL, NULL, NULL, NULL, NULL, NULL, NULL, NULL, '../style/images/defaultprofile.png'),
('BIO-STU1608126EAB85', NULL, NULL, NULL, NULL, NULL, NULL, NULL, NULL, NULL, NULL, NULL, NULL, NULL, NULL, NULL, NULL, '../style/images/defaultprofile.png'),
('BIO-STU1608126EAB86', NULL, NULL, NULL, NULL, NULL, NULL, NULL, NULL, NULL, NULL, NULL, NULL, NULL, NULL, NULL, NULL, '../style/images/defaultprofile.png'),
('BIO-STU1608126EAB87', NULL, NULL, NULL, NULL, NULL, NULL, NULL, NULL, NULL, NULL, NULL, NULL, NULL, NULL, NULL, NULL, '../style/images/defaultprofile.png'),
('BIO-STU1608126EAB88', NULL, NULL, NULL, NULL, NULL, NULL, NULL, NULL, NULL, NULL, NULL, NULL, NULL, NULL, NULL, NULL, '../style/images/defaultprofile.png'),
('BIO-STU1608126EAB89', NULL, NULL, NULL, NULL, NULL, NULL, NULL, NULL, NULL, NULL, NULL, NULL, NULL, NULL, NULL, NULL, '../style/images/defaultprofile.png'),
('BIO-STU1608126EAB9', NULL, NULL, NULL, NULL, NULL, NULL, NULL, NULL, NULL, NULL, NULL, NULL, NULL, NULL, NULL, NULL, '../style/images/defaultprofile.png'),
('BIO-STU1608126EAB90', NULL, NULL, NULL, NULL, NULL, NULL, NULL, NULL, NULL, NULL, NULL, NULL, NULL, NULL, NULL, NULL, '../style/images/defaultprofile.png'),
('BIO-STU1608126EAB91', NULL, NULL, NULL, NULL, NULL, NULL, NULL, NULL, NULL, NULL, NULL, NULL, NULL, NULL, NULL, NULL, '../style/images/defaultprofile.png'),
('BIO-STU1608126EAB92', NULL, NULL, NULL, NULL, NULL, NULL, NULL, NULL, NULL, NULL, NULL, NULL, NULL, NULL, NULL, NULL, '../style/images/defaultprofile.png'),
('BIO-STU1608126EAB93', NULL, NULL, NULL, NULL, NULL, NULL, NULL, NULL, NULL, NULL, NULL, NULL, NULL, NULL, NULL, NULL, '../style/images/defaultprofile.png'),
('BIO-STU1608126EAB94', NULL, NULL, NULL, NULL, NULL, NULL, NULL, NULL, NULL, NULL, NULL, NULL, NULL, NULL, NULL, NULL, '../style/images/defaultprofile.png'),
('BIO-STU1608126EAB95', NULL, NULL, NULL, NULL, NULL, NULL, NULL, NULL, NULL, NULL, NULL, NULL, NULL, NULL, NULL, NULL, '../style/images/defaultprofile.png'),
('BIO-STU1608126EAB96', NULL, NULL, NULL, NULL, NULL, NULL, NULL, NULL, NULL, NULL, NULL, NULL, NULL, NULL, NULL, NULL, '../style/images/defaultprofile.png'),
('BIO-STU1608126EAB97', NULL, NULL, NULL, NULL, NULL, NULL, NULL, NULL, NULL, NULL, NULL, NULL, NULL, NULL, NULL, NULL, '../style/images/defaultprofile.png'),
('BIO-STU1608126EAB98', NULL, NULL, NULL, NULL, NULL, NULL, NULL, NULL, NULL, NULL, NULL, NULL, NULL, NULL, NULL, NULL, '../style/images/defaultprofile.png'),
('BIO-STU1608126EAB99', NULL, NULL, NULL, NULL, NULL, NULL, NULL, NULL, NULL, NULL, NULL, NULL, NULL, NULL, NULL, NULL, '../style/images/defaultprofile.png'),
('BIO-STU1608166120', 'Jakarta', 'Islam', '', 0, 0, '', '', 'tesss', '0899999999', '', 0, '', '', '', 0, 0, '../style/images/defaultprofile.png');

-- --------------------------------------------------------

--
-- Table structure for table `bio_teach_ci`
--

CREATE TABLE IF NOT EXISTS `bio_teach_ci` (
  `id_bio` varchar(50) NOT NULL,
  `nip` varchar(20) NOT NULL,
  `nuptk` int(20) NOT NULL,
  `nama` varchar(50) NOT NULL,
  `ttl` date NOT NULL,
  `alamat` text,
  `jk` varchar(1) NOT NULL,
  `agama` varchar(10) DEFAULT NULL,
  `status_k` varchar(30) DEFAULT NULL,
  `telp` varchar(12) DEFAULT NULL,
  `teach_photo` varchar(100) NOT NULL
) ENGINE=InnoDB DEFAULT CHARSET=latin1;

--
-- Dumping data for table `bio_teach_ci`
--

INSERT INTO `bio_teach_ci` (`id_bio`, `nip`, `nuptk`, `nama`, `ttl`, `alamat`, `jk`, `agama`, `status_k`, `telp`, `teach_photo`) VALUES
('BIO-TCH1608110829', '54321', 22122112, 'Pudrowati, S.pd', '1982-01-13', NULL, 'P', NULL, NULL, NULL, '../style/images/defaultprofile.png'),
('BIO-TCH160811196D', '554444', 332221, 'Rizky Nurfatimah, S.pd', '1993-07-08', NULL, 'P', NULL, NULL, NULL, '../style/images/defaultprofile.png'),
('BIO-TCH1608111B5B', '87654', 787878, 'Zainullah, S.Pd.I', '1985-02-13', NULL, 'L', NULL, NULL, NULL, '../style/images/defaultprofile.png'),
('BIO-TCH1608111DC2', '122221', 233222, 'Dewi Putri Herawati, S.Pd', '1965-03-04', NULL, 'P', NULL, NULL, NULL, '../style/images/defaultprofile.png'),
('BIO-TCH1608112870', '456456', 433345, 'Wafaul Wafa, S.Pd.I', '1986-04-05', NULL, 'L', NULL, NULL, NULL, '../style/images/defaultprofile.png'),
('BIO-TCH1608113A6B', '453543', 4455544, 'Madrofie, S.Pd.I', '1970-04-02', NULL, 'L', NULL, NULL, NULL, '../style/images/defaultprofile.png'),
('BIO-TCH1608118288', '321321', 777777, 'Tri Wahyuni, S.Pd', '1975-07-17', NULL, 'P', NULL, NULL, NULL, '../style/images/defaultprofile.png'),
('BIO-TCH160811ABAB', '545454', 444555, 'Alamsyah, S.HI', '1964-02-05', NULL, 'L', NULL, NULL, NULL, '../style/images/defaultprofile.png'),
('BIO-TCH160811AE1C', '232655', 344332, 'Suwandi, S.pd', '1989-08-18', NULL, 'L', NULL, NULL, NULL, '../style/images/defaultprofile.png'),
('BIO-TCH160811C0F7', '65432', 7676767, 'Retno setyaningrum, S.pd', '1974-03-01', NULL, 'P', NULL, NULL, NULL, '../style/images/defaultprofile.png'),
('BIO-TCH160811D184', '222332', 3434343, 'Sri Pesolingga, S.Pd', '1974-02-05', NULL, 'P', NULL, NULL, NULL, '../style/images/defaultprofile.png'),
('BIO-TCH160811E3B2', '233423', 223332, 'Januar arista, S.Pd', '1965-03-18', NULL, 'L', NULL, NULL, NULL, '../style/images/defaultprofile.png'),
('BIO-TCH16081201DE', '93445', 93445, 'Rozakul', '1989-07-13', NULL, 'L', NULL, NULL, NULL, '../style/images/defaultprofile.png'),
('BIO-TCH1608120C78', '77855', 77855, 'Agus Hidayat, S.Pd I', '1990-02-07', NULL, 'L', NULL, NULL, NULL, '../style/images/defaultprofile.png'),
('BIO-TCH1608129610', '765567', 765567, 'Melia Mandasari, S.Pd', '1989-07-05', NULL, 'P', NULL, NULL, NULL, '../style/images/defaultprofile.png'),
('BIO-TCH1608129D1D', '399766', 399766, 'Kelik Nugroho, S.Pd M.Pd', '1987-02-04', NULL, 'L', NULL, NULL, NULL, '../style/images/defaultprofile.png'),
('BIO-TCH160812BB63', '53776', 53776, 'Herman Affandi, S.Ud', '1989-02-01', NULL, 'L', NULL, NULL, NULL, '../style/images/defaultprofile.png'),
('BIO-TCH160812BD56', '445665', 445665, 'Nining Pujiningsih, S.Pd I', '1992-07-07', NULL, 'P', NULL, NULL, NULL, '../style/images/defaultprofile.png'),
('BIO-TCH160812CEC9', '66557', 66557, 'Asti Ivo, S.Pd', '1990-11-14', NULL, 'P', NULL, NULL, NULL, '../style/images/defaultprofile.png'),
('BIO-TCH1608130550', '344385', 344385, 'Wafaul Wafa, S.Pd.I', '1988-12-13', NULL, 'L', NULL, NULL, NULL, '../style/images/defaultprofile.png'),
('BIO-TCH1608131CBC', '344253', 344253, 'Retno setyaningrum, S.pd', '1981-03-18', NULL, 'P', NULL, NULL, NULL, '../style/images/defaultprofile.png'),
('BIO-TCH1608132476', '447555', 447555, 'Rozakul', '1990-07-19', NULL, 'L', NULL, NULL, NULL, '../style/images/defaultprofile.png'),
('BIO-TCH1608132C3B', '77777', 77777, 'Melia Mandasari, S.Pd', '1989-02-22', NULL, 'P', NULL, NULL, NULL, '../style/images/defaultprofile.png'),
('BIO-TCH160813337E', '623344', 623344, 'Madrofie, S.Pd.I', '1988-02-15', NULL, 'L', NULL, NULL, NULL, '../style/images/defaultprofile.png'),
('BIO-TCH160813451F', '7656667', 7656667, 'Kelik Nugroho, S.Pd M.Pd', '1989-08-02', NULL, 'L', NULL, NULL, NULL, '../style/images/defaultprofile.png'),
('BIO-TCH16081370E6', '744355', 744355, 'Rizky Nurfatimah, S.pd', '1993-03-17', NULL, 'P', NULL, NULL, NULL, '../style/images/defaultprofile.png'),
('BIO-TCH16081376FC', '55555', 55555, 'Agus Hidayat, S.Pd I', '1986-02-06', NULL, 'L', NULL, NULL, NULL, '../style/images/defaultprofile.png'),
('BIO-TCH1608139416', '564327', 564327, 'Januar arista, S.Pd', '1984-03-08', NULL, 'L', NULL, NULL, NULL, '../style/images/defaultprofile.png'),
('BIO-TCH160813970B', '233322', 233322, 'Pudrowati, S.Pd', '1978-07-20', NULL, 'P', NULL, NULL, NULL, '../style/images/defaultprofile.png'),
('BIO-TCH160813A4BA', '22222', 22222, 'Herman Afandi, S.Ud', '1989-05-25', NULL, 'L', NULL, NULL, NULL, '../style/images/defaultprofile.png'),
('BIO-TCH160813B581', '332235', 332235, 'Sri Pesolingga, S.Pd', '1985-04-04', NULL, 'P', NULL, NULL, NULL, '../style/images/defaultprofile.png'),
('BIO-TCH160813B9DC', '73345', 73345, 'Alamsyah, S.HI', '1982-02-09', NULL, 'L', NULL, NULL, NULL, '../style/images/defaultprofile.png'),
('BIO-TCH160813CCB1', '8223434', 8223434, 'Zainullah, S.Pd.I', '1989-02-14', NULL, 'L', NULL, NULL, NULL, '../style/images/defaultprofile.png'),
('BIO-TCH160813CCEF', '11111', 11111, 'Alpiah, S.Pd, M.Pd', '1988-02-10', NULL, 'P', NULL, NULL, NULL, '../style/images/defaultprofile.png'),
('BIO-TCH160813D81B', '939433', 939433, 'Dewi Putri Herawati, S.Pd', '1986-04-11', NULL, 'P', NULL, NULL, NULL, '../style/images/defaultprofile.png'),
('BIO-TCH160813E62F', '363345', 363345, 'Tri Wahyuni, S.Pd', '1984-02-15', NULL, 'P', NULL, NULL, NULL, '../style/images/defaultprofile.png'),
('BIO-TCH160813E91C', '44444', 44444, 'Nining Pujiningsih, S.Pd I', '1990-03-22', NULL, 'P', NULL, NULL, NULL, '../style/images/defaultprofile.png');

-- --------------------------------------------------------

--
-- Table structure for table `class_ci`
--

CREATE TABLE IF NOT EXISTS `class_ci` (
  `id_kls` varchar(20) NOT NULL,
  `kd_kls` varchar(30) DEFAULT NULL,
  `nm_kls` varchar(40) NOT NULL,
  `grade_kls` varchar(15) NOT NULL,
  `cap_class` int(3) NOT NULL,
  `id_guru` varchar(20) NOT NULL
) ENGINE=InnoDB DEFAULT CHARSET=latin1;

--
-- Dumping data for table `class_ci`
--

INSERT INTO `class_ci` (`id_kls`, `kd_kls`, `nm_kls`, `grade_kls`, `cap_class`, `id_guru`) VALUES
('CLS160811103B', 'YUN15', 'Yunus', 'Kelas IV', 32, 'TCH160813CCB1'),
('CLS1608118D89', 'FAT25', 'Al - Fatihah', 'Kelas I', 32, 'TCH1608110829'),
('CLS160811A43F', 'BAQ25', 'Al - Baqarah', 'Kelas I', 32, 'TCH160811C0F7'),
('CLS160811AC6D', 'ARA15', 'Al -Araf', 'Kelas III', 32, 'TCH160813D81B'),
('CLS160811B9E1', 'HUD15', 'Hud', 'Kelas IV', 32, 'TCH1608130550'),
('CLS160811C981', 'ANA15', 'Al - Anam', 'Kelas II', 32, 'TCH1608139416'),
('CLS160811C9F5', 'ANI15', 'Annisa', 'Kelas II', 32, 'TCH160813B581'),
('CLS160811EFDD', 'MAI15', 'Al - Maidah', 'Kelas II', 32, 'TCH160813B9DC'),
('CLS16081217B6', 'TAU15', 'At - Taubah', 'Kelas III', 32, 'TCH16081370E6'),
('CLS1608129313', 'IMR25', 'Ali - Imran', 'Kelas I', 32, 'TCH1608118288'),
('CLS160812FBF0', 'ANF15', 'Al - Anfal', 'Kelas III', 32, 'TCH160813337E');

-- --------------------------------------------------------

--
-- Table structure for table `edu_teach_ci`
--

CREATE TABLE IF NOT EXISTS `edu_teach_ci` (
  `id_edu` varchar(50) NOT NULL,
  `edu_plc` varchar(50) NOT NULL,
  `edu_start` date NOT NULL,
  `edu_end` date NOT NULL,
  `edu_type` varchar(20) NOT NULL,
  `edu_major` varchar(50) NOT NULL,
  `edu_cgpa` float NOT NULL,
  `nip` varchar(20) NOT NULL
) ENGINE=InnoDB DEFAULT CHARSET=latin1;

-- --------------------------------------------------------

--
-- Table structure for table `exper_teach_ci`
--

CREATE TABLE IF NOT EXISTS `exper_teach_ci` (
  `id_exp` varchar(50) NOT NULL,
  `exp_work_plc` varchar(30) DEFAULT NULL,
  `exp_work_year_f` date DEFAULT NULL,
  `exp_work_year_e` date DEFAULT NULL,
  `exp_last_grade` varchar(20) DEFAULT NULL,
  `exp_out_cause` varchar(50) DEFAULT NULL,
  `nip` varchar(20) NOT NULL
) ENGINE=InnoDB DEFAULT CHARSET=latin1;

-- --------------------------------------------------------

--
-- Table structure for table `konten_web_act_photo`
--

CREATE TABLE IF NOT EXISTS `konten_web_act_photo` (
  `id_act` varchar(20) NOT NULL,
  `poto` varchar(40) NOT NULL,
  `nampoto` varchar(40) NOT NULL,
  `ket` text NOT NULL
) ENGINE=InnoDB DEFAULT CHARSET=latin1;

--
-- Dumping data for table `konten_web_act_photo`
--

INSERT INTO `konten_web_act_photo` (`id_act`, `poto`, `nampoto`, `ket`) VALUES
('ACT-PHT1608121412', '../style/images/Anak 2.jpg', 'Anak 2', 'Anak 2'),
('ACT-PHT160812830E', '../style/images/Anak 1.jpg', 'Anak 1', 'ter');

-- --------------------------------------------------------

--
-- Table structure for table `matpel_ci`
--

CREATE TABLE IF NOT EXISTS `matpel_ci` (
  `id_matpel` varchar(10) NOT NULL,
  `kode_matpel` varchar(30) NOT NULL,
  `nam_pel` varchar(50) NOT NULL,
  `id_mulok` int(2) DEFAULT NULL
) ENGINE=InnoDB DEFAULT CHARSET=latin1;

--
-- Dumping data for table `matpel_ci`
--

INSERT INTO `matpel_ci` (`id_matpel`, `kode_matpel`, `nam_pel`, `id_mulok`) VALUES
('PEL1608121', 'TIK1', 'Komputer', 2),
('PEL1608123', 'IPA1', 'Ilmu Pengetahuan Alam', 1),
('PEL1608124', 'PKN1', 'Kewarganegaraan', 1),
('PEL1608125', 'SND1', 'Bahasa Sunda', 2),
('PEL1608127', 'ENG1', 'Bahasa Inggris', 2),
('PEL1608128', 'PAI1', 'Agama Islam', 1),
('PEL1608129', 'ARB1', 'Bahasa Arab', 2),
('PEL160812A', 'IPS1', 'Ilmu Pengetahuan Sosial', 1),
('PEL160812D', 'MTK1', 'Matematika', 1),
('PEL160812F', 'BINDO1', 'Bahasa Indonesia', 1),
('PEL1608151', 'SBK1', 'Seni Budaya Kesenian', 1),
('PEL160815C', 'OR1', 'Olah Raga', 1);

-- --------------------------------------------------------

--
-- Table structure for table `news_ci`
--

CREATE TABLE IF NOT EXISTS `news_ci` (
  `id_news` varchar(30) NOT NULL,
  `title` varchar(30) NOT NULL,
  `content_news` text NOT NULL,
  `photo` varchar(100) NOT NULL,
  `date_create` datetime NOT NULL,
  `author` varchar(20) NOT NULL,
  `tipe` int(2) DEFAULT NULL
) ENGINE=InnoDB DEFAULT CHARSET=latin1;

-- --------------------------------------------------------

--
-- Table structure for table `pesan_ci`
--

CREATE TABLE IF NOT EXISTS `pesan_ci` (
  `id_pesan` varchar(50) NOT NULL,
  `title` varchar(20) NOT NULL,
  `isi` text,
  `send` varchar(50) NOT NULL,
  `to_dest` varchar(50) NOT NULL,
  `attach` varchar(50) DEFAULT NULL
) ENGINE=InnoDB DEFAULT CHARSET=latin1;

--
-- Dumping data for table `pesan_ci`
--

INSERT INTO `pesan_ci` (`id_pesan`, `title`, `isi`, `send`, `to_dest`, `attach`) VALUES
('MSG1608134FAE', 'Blaaaa', 'Hauuuusis', 'Deny Juga', 'Admin', 'denyrachmat22@yahoo.com'),
('MSG1608136FF1', 'yuukk', 'haaaaaaiiiiiiiiiii', 'Another deny', 'Admin', 'denyrachmat22@hotmail.com'),
('MSG160813B33B', 'haiiii', 'Haii', 'Deny', 'Admin', 'denyrachmat22@gmail.com'),
('MSG160815ADA70', 'Cek Jadwal', '<p>Coba cekk jadwal ke kurikulum<br /><br /></p>\r\n<p>ya</p>\r\n<p>thanks</p>', '', 'TCH1608139416', NULL),
('MSG160816C35A0', 'haiiI', '<p>gdasdasdasds</p>', 'TCH1608139416', 'TCH1608129D1D', NULL),
('MSG160816C35A1', 'haiiI', '<p>gdasdasdasds</p>', 'TCH1608139416', 'TCH160812BB63', NULL),
('MSG160816C35A2', 'haiiI', '<p>gdasdasdasds</p>', 'TCH1608139416', 'TCH160812BD56', NULL),
('MSG160823B6930', 'test', '<p>tesstttt</p>', 'TCH160813337E', 'TCH160813CCEF', NULL);

-- --------------------------------------------------------

--
-- Table structure for table `porto_ci`
--

CREATE TABLE IF NOT EXISTS `porto_ci` (
  `id_porto` varchar(30) NOT NULL,
  `judul` varchar(50) NOT NULL,
  `isi` text NOT NULL,
  `photo` varchar(50) NOT NULL,
  `ket` varchar(3) NOT NULL
) ENGINE=InnoDB DEFAULT CHARSET=latin1;

--
-- Dumping data for table `porto_ci`
--

INSERT INTO `porto_ci` (`id_porto`, `judul`, `isi`, `photo`, `ket`) VALUES
('PORTO1608122F0E', 'Sambutan 2', '<p style="margin: 0px 0px 15px; padding: 0px; text-align: justify; font-family: ''Open Sans'', Arial, sans-serif; font-size: 14px; line-height: 20px;">Phasellus eu molestie sem. Proin augue nibh, sodales ut dignissim nec, facilisis at turpis. In scelerisque augue non ultrices lacinia. Aliquam sapien ligula, efficitur ut sagittis eu, efficitur et urna. Aliquam sollicitudin, lorem id posuere ullamcorper, nisi arcu mollis sem, vel sagittis libero tellus ut eros. Nunc pulvinar nibh eu euismod sodales. Suspendisse at gravida orci. Aenean a tellus et odio ultricies commodo. Sed ullamcorper dapibus quam sit amet tincidunt. Aliquam lobortis, lectus at vulputate mattis, quam sapien commodo diam, non malesuada augue neque eu libero. Maecenas ut maximus lacus. Phasellus sollicitudin metus metus, ac consectetur lacus congue a. Aliquam ornare diam a lectus varius, sit amet aliquam diam vestibulum.</p>\r\n<p style="margin: 0px 0px 15px; padding: 0px; text-align: justify; font-family: ''Open Sans'', Arial, sans-serif; font-size: 14px; line-height: 20px;">Maecenas a dui ut enim tempor sodales. Aliquam sit amet purus porttitor odio accumsan mattis. Duis et pulvinar nibh. Proin et tellus ut ante rhoncus varius quis vel dui. Ut at turpis pharetra sapien volutpat convallis eget quis ex. Mauris fringilla lorem vel tortor rhoncus, in dapibus risus imperdiet. Aliquam et metus augue. Nam congue ex ac metus sagittis feugiat. Quisque finibus vestibulum metus sed pulvinar. Donec molestie augue ut vulputate elementum.</p>\r\n<p style="margin: 0px 0px 15px; padding: 0px; text-align: justify; font-family: ''Open Sans'', Arial, sans-serif; font-size: 14px; line-height: 20px;">Pellentesque vel eleifend nunc, non pulvinar quam. Aliquam quis ultrices metus. Donec viverra leo ac dolor elementum, sit amet blandit quam finibus. Sed massa augue, tincidunt non tortor id, accumsan tincidunt elit. Fusce dictum congue eros, a volutpat lorem euismod id. Vivamus ut tincidunt quam. Nunc pellentesque risus felis. Interdum et malesuada fames ac ante ipsum primis in faucibus. Cras aliquam orci orci, eu scelerisque risus tincidunt ut. Nulla et auctor orci. Sed placerat lobortis metus id porta.</p>', '../style/images/Sambutan 2.png', '1'),
('PORTO1608125E2A', 'Sambutan', '<p style="margin: 0px 0px 15px; padding: 0px; text-align: justify; font-family: ''Open Sans'', Arial, sans-serif; font-size: 14px; line-height: 20px;"><strong>Lorem ipsum dolor sit amet,</strong> consectetur adipiscing elit. Morbi sit amet mauris consequat, rutrum erat quis, venenatis massa. Phasellus tempus velit at neque luctus dignissim. Donec laoreet eleifend elit sit amet pulvinar. Quisque ornare turpis justo, eget posuere est tempus at. Duis vitae ultricies nunc, sed maximus lorem. Nam et quam maximus, semper nisl pellentesque, molestie urna. Integer consequat in justo id commodo. Aenean at sagittis quam. Curabitur eros urna, pulvinar id risus quis, aliquet laoreet nibh. Sed quis vulputate velit, non vehicula lorem. Curabitur venenatis, sapien eu congue finibus, lectus nisl ultrices mauris, id tempus ante diam eu nunc. Sed leo arcu, ornare in eleifend nec, placerat vitae erat. Vestibulum libero orci, malesuada vel nibh vel, mattis condimentum ligula. Duis quis leo porttitor, tincidunt leo eu, feugiat nulla.</p>\r\n<p style="margin: 0px 0px 15px; padding: 0px; text-align: justify; font-family: ''Open Sans'', Arial, sans-serif; font-size: 14px; line-height: 20px;">Aliquam sodales tortor pulvinar rhoncus iaculis. Cras non diam ligula. Nullam sed tortor velit. Morbi placerat massa leo, vitae malesuada libero venenatis nec. Vestibulum sit amet risus quis libero egestas gravida in eget orci. Cum sociis natoque penatibus et magnis dis parturient montes, nascetur ridiculus mus. Maecenas dui quam, dignissim id massa et, varius semper libero. Etiam vestibulum elit semper consectetur ullamcorper. Vestibulum sed ullamcorper sem. Ut dui nunc, dapibus ac varius nec, dictum nec ligula. Donec eleifend scelerisque risus, quis pellentesque lectus volutpat sit amet. Nam risus elit, sodales sed dignissim at, egestas pharetra purus. Praesent ornare tincidunt arcu, non elementum ante porta vel. Morbi quis mollis massa. Donec condimentum nisl in posuere iaculis.</p>', '../style/images/Sambutan.jpg', '1'),
('PORTO160815F177', 'Visi & Misi', '<p class="MsoNormal" style="margin: 0in 0in 0.0001pt 14.2pt; text-align: justify;"><strong><span lang="IN" style="font-size: 12.0pt; font-family: ''Arial'',sans-serif;">Visi</span></strong><span lang="IN" style="font-size: 12.0pt; font-family: ''Arial'',sans-serif;"> SDIT Citra Insani adalah &ldquo;Membangun insan yang<em> berilmu, beriman, berkarya dan beramal melalui olah pikir, olah hati, olah gerak dan olah rasa&rdquo;. </em>&nbsp;Misi yang diemban untuk mewujudkan visi sebagaimana disebutkan di atas &nbsp;adalah sebagai berikut;</span></p>\r\n<p class="MsoNormal" style="margin: 0in 0in 0.0001pt 35.45pt; text-align: justify; text-indent: -21.25pt;"><span lang="IN" style="font-size: 12.0pt; font-family: ''Arial'',sans-serif;">(a) Menyelenggarakan pendidikan dasar untuk dapat menguasai ilmu pengetahuan teknologi dan seni;</span></p>\r\n<p class="MsoNormal" style="margin: 0in 0in 0.0001pt 35.45pt; text-align: justify; text-indent: -21.25pt;"><span lang="IN" style="font-size: 12.0pt; font-family: ''Arial'',sans-serif;">(b)&nbsp; Menyelenggarakan pendidikan agama Islam untuk dapat mewujudkan manusia yang lebih beriman, bertaqwa dan berbudi pekerti luhur;</span></p>\r\n<p class="MsoNormal" style="margin: 0in 0in 0.0001pt 35.45pt; text-align: justify; text-indent: -21.25pt;"><span lang="IN" style="font-size: 12.0pt; font-family: ''Arial'',sans-serif;">(c)&nbsp;&nbsp; Menyelenggarakan pendidikan dasar untuk lebih mempertebal kepekaan &nbsp;sosial, nilai-nilai budaya dan karakter bangsa.</span></p>\r\n<p class="MsoNormal" style="margin: 0in 0in 0.0001pt 14.2pt; text-align: justify;"><span lang="IN" style="font-size: 12.0pt; font-family: ''Arial'',sans-serif;">Berdasarkan visi dan misi di atas dirumuskan tujuan pendidikan SDIT Citra Insani &nbsp;sebagai berikut:</span></p>\r\n<p class="MsoNormal" style="margin: 0in 0in 0.0001pt 35.45pt; text-align: justify; text-indent: -21.25pt;"><span lang="IN" style="font-size: 12.0pt; font-family: ''Arial'',sans-serif;">(a)&nbsp; Meletakan dasar kecerdasan, meliputi pengetahuan, sikap dan keterampilan untuk membiasakan hidup mandiri dan mengikuti pendidikan lebih lanjut;</span></p>\r\n<p class="MsoNormal" style="margin: 0in 0in 0.0001pt 35.45pt; text-align: justify; text-indent: -21.25pt;"><span lang="IN" style="font-size: 12.0pt; font-family: ''Arial'',sans-serif;">(b)&nbsp; Meletakan dasar kepribadian, keimanan, ketaqwaan dan akhlak mulia berdasarkan ajaran Islam yang diperlukan untuk hidup mandiri dan mengikuti pendidikan lebih lanjut;</span></p>\r\n<p class="MsoNormal" style="margin: 0in 0in 0.0001pt 35.45pt; text-align: justify; text-indent: -21.25pt;"><span lang="IN" style="font-size: 12.0pt; font-family: ''Arial'',sans-serif;">(c)&nbsp;&nbsp; Meletakan dasar nilai-nilai budaya dan karakter bangsa yang diperlukan untuk menjadi warganegara yang demokratis dan bertanggung jawab. </span></p>\r\n<p><span lang="IN" style="font-size: 12.0pt; line-height: 115%; font-family: ''Arial'',sans-serif; mso-fareast-font-family: ''Times New Roman''; mso-fareast-theme-font: minor-fareast; mso-ansi-language: IN; mso-fareast-language: IN; mso-bidi-language: AR-SA;">Penyelenggaraan pendidikan di SDIT Citra Insani menggunakan sistem maju berkelanjutan atau <em>continous progress system</em> dengan pendekatan belajar tuntas atau <em>mastery learning</em>.</span></p>', '../style/images/Visi & Misi.jpg', '2');

-- --------------------------------------------------------

--
-- Table structure for table `reg_teach_ci`
--

CREATE TABLE IF NOT EXISTS `reg_teach_ci` (
  `id_reg` varchar(50) NOT NULL,
  `id_guru` varchar(50) NOT NULL,
  `nip` varchar(20) NOT NULL,
  `id_matpel` varchar(20) NOT NULL,
  `id_kls` varchar(20) NOT NULL
) ENGINE=InnoDB DEFAULT CHARSET=latin1;

--
-- Dumping data for table `reg_teach_ci`
--

INSERT INTO `reg_teach_ci` (`id_reg`, `id_guru`, `nip`, `id_matpel`, `id_kls`) VALUES
('REG-TCH-PEL16081501120', 'TCH160812BD56', '445665', 'PEL1608128', 'CLS1608118D89'),
('REG-TCH-PEL16081501121', 'TCH160812BD56', '445665', 'PEL1608128', 'CLS160811A43F'),
('REG-TCH-PEL160815011210', 'TCH160812BD56', '445665', 'PEL1608128', 'CLS160811103B'),
('REG-TCH-PEL16081501122', 'TCH160812BD56', '445665', 'PEL1608128', 'CLS1608129313'),
('REG-TCH-PEL16081501123', 'TCH160812BD56', '445665', 'PEL1608128', 'CLS160811C981'),
('REG-TCH-PEL16081501124', 'TCH160812BD56', '445665', 'PEL1608128', 'CLS160811EFDD'),
('REG-TCH-PEL16081501125', 'TCH160812BD56', '445665', 'PEL1608128', 'CLS160811C9F5'),
('REG-TCH-PEL16081501126', 'TCH160812BD56', '445665', 'PEL1608128', 'CLS16081217B6'),
('REG-TCH-PEL16081501127', 'TCH160812BD56', '445665', 'PEL1608128', 'CLS160812FBF0'),
('REG-TCH-PEL16081501128', 'TCH160812BD56', '445665', 'PEL1608128', 'CLS160811AC6D'),
('REG-TCH-PEL16081501129', 'TCH160812BD56', '445665', 'PEL1608128', 'CLS160811B9E1'),
('REG-TCH-PEL16081509C20', 'TCH160813CCEF', '11111', 'PEL1608124', 'CLS1608118D89'),
('REG-TCH-PEL16081509C21', 'TCH160813CCEF', '11111', 'PEL1608124', 'CLS160811A43F'),
('REG-TCH-PEL16081509C210', 'TCH160813CCEF', '11111', 'PEL1608124', 'CLS160811103B'),
('REG-TCH-PEL16081509C22', 'TCH160813CCEF', '11111', 'PEL1608124', 'CLS1608129313'),
('REG-TCH-PEL16081509C23', 'TCH160813CCEF', '11111', 'PEL1608124', 'CLS160811C981'),
('REG-TCH-PEL16081509C24', 'TCH160813CCEF', '11111', 'PEL1608124', 'CLS160811EFDD'),
('REG-TCH-PEL16081509C25', 'TCH160813CCEF', '11111', 'PEL1608124', 'CLS160811C9F5'),
('REG-TCH-PEL16081509C26', 'TCH160813CCEF', '11111', 'PEL1608124', 'CLS16081217B6'),
('REG-TCH-PEL16081509C27', 'TCH160813CCEF', '11111', 'PEL1608124', 'CLS160812FBF0'),
('REG-TCH-PEL16081509C28', 'TCH160813CCEF', '11111', 'PEL1608124', 'CLS160811AC6D'),
('REG-TCH-PEL16081509C29', 'TCH160813CCEF', '11111', 'PEL1608124', 'CLS160811B9E1'),
('REG-TCH-PEL16081522A90', 'TCH1608118288', '363345', 'PEL160812F', 'CLS1608118D89'),
('REG-TCH-PEL16081522A91', 'TCH1608118288', '363345', 'PEL160812F', 'CLS160811A43F'),
('REG-TCH-PEL16081522A92', 'TCH1608118288', '363345', 'PEL160812F', 'CLS1608129313'),
('REG-TCH-PEL16081522A93', 'TCH1608118288', '363345', 'PEL160812F', 'CLS160811C981'),
('REG-TCH-PEL16081522A94', 'TCH1608118288', '363345', 'PEL160812F', 'CLS160811EFDD'),
('REG-TCH-PEL16081522A95', 'TCH1608118288', '363345', 'PEL160812F', 'CLS160811C9F5'),
('REG-TCH-PEL16081522A96', 'TCH1608118288', '363345', 'PEL160812F', 'CLS16081217B6'),
('REG-TCH-PEL16081522A97', 'TCH1608118288', '363345', 'PEL160812F', 'CLS160812FBF0'),
('REG-TCH-PEL16081522A98', 'TCH1608118288', '363345', 'PEL160812F', 'CLS160811AC6D'),
('REG-TCH-PEL160815343A0', 'TCH1608129D1D', '399766', 'PEL160815C', 'CLS1608118D89'),
('REG-TCH-PEL160815343A1', 'TCH1608129D1D', '399766', 'PEL160815C', 'CLS160811A43F'),
('REG-TCH-PEL160815343A2', 'TCH1608129D1D', '399766', 'PEL160815C', 'CLS1608129313'),
('REG-TCH-PEL160815343A3', 'TCH1608129D1D', '399766', 'PEL160815C', 'CLS160811C981'),
('REG-TCH-PEL160815343A4', 'TCH1608129D1D', '399766', 'PEL160815C', 'CLS160811EFDD'),
('REG-TCH-PEL160815343A5', 'TCH1608129D1D', '399766', 'PEL160815C', 'CLS160811C9F5'),
('REG-TCH-PEL160815351F0', 'TCH160813337E', '623344', 'PEL1608128', 'CLS1608118D89'),
('REG-TCH-PEL160815351F1', 'TCH160813337E', '623344', 'PEL1608128', 'CLS160811A43F'),
('REG-TCH-PEL160815351F2', 'TCH160813337E', '623344', 'PEL1608128', 'CLS1608129313'),
('REG-TCH-PEL160815351F3', 'TCH160813337E', '623344', 'PEL1608128', 'CLS160811C981'),
('REG-TCH-PEL160815351F4', 'TCH160813337E', '623344', 'PEL1608128', 'CLS160811EFDD'),
('REG-TCH-PEL160815351F5', 'TCH160813337E', '623344', 'PEL1608128', 'CLS160811C9F5'),
('REG-TCH-PEL160815351F6', 'TCH160813337E', '623344', 'PEL1608128', 'CLS16081217B6'),
('REG-TCH-PEL160815351F7', 'TCH160813337E', '623344', 'PEL1608128', 'CLS160812FBF0'),
('REG-TCH-PEL16081552140', 'TCH16081370E6', '744355', 'PEL160812A', 'CLS1608118D89'),
('REG-TCH-PEL16081552141', 'TCH16081370E6', '744355', 'PEL160812A', 'CLS160811A43F'),
('REG-TCH-PEL160815521410', 'TCH16081370E6', '744355', 'PEL160812A', 'CLS160811103B'),
('REG-TCH-PEL16081552142', 'TCH16081370E6', '744355', 'PEL160812A', 'CLS1608129313'),
('REG-TCH-PEL16081552143', 'TCH16081370E6', '744355', 'PEL160812A', 'CLS160811C981'),
('REG-TCH-PEL16081552144', 'TCH16081370E6', '744355', 'PEL160812A', 'CLS160811EFDD'),
('REG-TCH-PEL16081552145', 'TCH16081370E6', '744355', 'PEL160812A', 'CLS160811C9F5'),
('REG-TCH-PEL16081552146', 'TCH16081370E6', '744355', 'PEL160812A', 'CLS16081217B6'),
('REG-TCH-PEL16081552147', 'TCH16081370E6', '744355', 'PEL160812A', 'CLS160812FBF0'),
('REG-TCH-PEL16081552148', 'TCH16081370E6', '744355', 'PEL160812A', 'CLS160811AC6D'),
('REG-TCH-PEL16081552149', 'TCH16081370E6', '744355', 'PEL160812A', 'CLS160811B9E1'),
('REG-TCH-PEL16081555C40', 'TCH1608129610', '765567', 'PEL160812D', 'CLS1608118D89'),
('REG-TCH-PEL16081555C41', 'TCH1608129610', '765567', 'PEL160812D', 'CLS160811A43F'),
('REG-TCH-PEL16081555C410', 'TCH1608129610', '765567', 'PEL160812D', 'CLS160811103B'),
('REG-TCH-PEL16081555C42', 'TCH1608129610', '765567', 'PEL160812D', 'CLS1608129313'),
('REG-TCH-PEL16081555C43', 'TCH1608129610', '765567', 'PEL160812D', 'CLS160811C981'),
('REG-TCH-PEL16081555C44', 'TCH1608129610', '765567', 'PEL160812D', 'CLS160811EFDD'),
('REG-TCH-PEL16081555C45', 'TCH1608129610', '765567', 'PEL160812D', 'CLS160811C9F5'),
('REG-TCH-PEL16081555C46', 'TCH1608129610', '765567', 'PEL160812D', 'CLS16081217B6'),
('REG-TCH-PEL16081555C47', 'TCH1608129610', '765567', 'PEL160812D', 'CLS160812FBF0'),
('REG-TCH-PEL16081555C48', 'TCH1608129610', '765567', 'PEL160812D', 'CLS160811AC6D'),
('REG-TCH-PEL16081555C49', 'TCH1608129610', '765567', 'PEL160812D', 'CLS160811B9E1'),
('REG-TCH-PEL1608155AA310', 'TCH1608129D1D', '399766', 'PEL160815C', 'CLS160811103B'),
('REG-TCH-PEL1608155AA36', 'TCH1608129D1D', '399766', 'PEL160815C', 'CLS16081217B6'),
('REG-TCH-PEL1608155AA37', 'TCH1608129D1D', '399766', 'PEL160815C', 'CLS160812FBF0'),
('REG-TCH-PEL1608155AA38', 'TCH1608129D1D', '399766', 'PEL160815C', 'CLS160811AC6D'),
('REG-TCH-PEL1608155AA39', 'TCH1608129D1D', '399766', 'PEL160815C', 'CLS160811B9E1'),
('REG-TCH-PEL16081569EB0', 'TCH160812BB63', '53776', 'PEL1608128', 'CLS1608118D89'),
('REG-TCH-PEL16081569EB1', 'TCH160812BB63', '53776', 'PEL1608128', 'CLS160811A43F'),
('REG-TCH-PEL16081569EB10', 'TCH160812BB63', '53776', 'PEL1608128', 'CLS160811103B'),
('REG-TCH-PEL16081569EB2', 'TCH160812BB63', '53776', 'PEL1608128', 'CLS1608129313'),
('REG-TCH-PEL16081569EB3', 'TCH160812BB63', '53776', 'PEL1608128', 'CLS160811C981'),
('REG-TCH-PEL16081569EB4', 'TCH160812BB63', '53776', 'PEL1608128', 'CLS160811EFDD'),
('REG-TCH-PEL16081569EB5', 'TCH160812BB63', '53776', 'PEL1608128', 'CLS160811C9F5'),
('REG-TCH-PEL16081569EB6', 'TCH160812BB63', '53776', 'PEL1608128', 'CLS16081217B6'),
('REG-TCH-PEL16081569EB7', 'TCH160812BB63', '53776', 'PEL1608128', 'CLS160812FBF0'),
('REG-TCH-PEL16081569EB8', 'TCH160812BB63', '53776', 'PEL1608128', 'CLS160811AC6D'),
('REG-TCH-PEL16081569EB9', 'TCH160812BB63', '53776', 'PEL1608128', 'CLS160811B9E1'),
('REG-TCH-PEL16081576570', 'TCH1608110829', '233322', 'PEL1608123', 'CLS1608118D89'),
('REG-TCH-PEL16081576571', 'TCH1608110829', '233322', 'PEL1608123', 'CLS160811A43F'),
('REG-TCH-PEL160815765710', 'TCH1608110829', '233322', 'PEL1608123', 'CLS160811103B'),
('REG-TCH-PEL16081576572', 'TCH1608110829', '233322', 'PEL1608123', 'CLS1608129313'),
('REG-TCH-PEL16081576573', 'TCH1608110829', '233322', 'PEL1608123', 'CLS160811C981'),
('REG-TCH-PEL16081576574', 'TCH1608110829', '233322', 'PEL1608123', 'CLS160811EFDD'),
('REG-TCH-PEL16081576575', 'TCH1608110829', '233322', 'PEL1608123', 'CLS160811C9F5'),
('REG-TCH-PEL16081576576', 'TCH1608110829', '233322', 'PEL1608123', 'CLS16081217B6'),
('REG-TCH-PEL16081576577', 'TCH1608110829', '233322', 'PEL1608123', 'CLS160812FBF0'),
('REG-TCH-PEL16081576578', 'TCH1608110829', '233322', 'PEL1608123', 'CLS160811AC6D'),
('REG-TCH-PEL16081576579', 'TCH1608110829', '233322', 'PEL1608123', 'CLS160811B9E1'),
('REG-TCH-PEL16081579720', 'TCH160811C0F7', '344253', 'PEL160812A', 'CLS1608118D89'),
('REG-TCH-PEL16081579721', 'TCH160811C0F7', '344253', 'PEL160812A', 'CLS160811A43F'),
('REG-TCH-PEL160815797210', 'TCH160811C0F7', '344253', 'PEL160812A', 'CLS160811103B'),
('REG-TCH-PEL16081579722', 'TCH160811C0F7', '344253', 'PEL160812A', 'CLS1608129313'),
('REG-TCH-PEL16081579723', 'TCH160811C0F7', '344253', 'PEL160812A', 'CLS160811C981'),
('REG-TCH-PEL16081579724', 'TCH160811C0F7', '344253', 'PEL160812A', 'CLS160811EFDD'),
('REG-TCH-PEL16081579725', 'TCH160811C0F7', '344253', 'PEL160812A', 'CLS160811C9F5'),
('REG-TCH-PEL16081579726', 'TCH160811C0F7', '344253', 'PEL160812A', 'CLS16081217B6'),
('REG-TCH-PEL16081579727', 'TCH160811C0F7', '344253', 'PEL160812A', 'CLS160812FBF0'),
('REG-TCH-PEL16081579728', 'TCH160811C0F7', '344253', 'PEL160812A', 'CLS160811AC6D'),
('REG-TCH-PEL16081579729', 'TCH160811C0F7', '344253', 'PEL160812A', 'CLS160811B9E1'),
('REG-TCH-PEL160815843810', 'TCH160813337E', '623344', 'PEL1608128', 'CLS160811103B'),
('REG-TCH-PEL16081584388', 'TCH160813337E', '623344', 'PEL1608128', 'CLS160811AC6D'),
('REG-TCH-PEL16081584389', 'TCH160813337E', '623344', 'PEL1608128', 'CLS160811B9E1'),
('REG-TCH-PEL16081587A90', 'TCH16081201DE', '93445', 'PEL1608121', 'CLS1608118D89'),
('REG-TCH-PEL16081587A91', 'TCH16081201DE', '93445', 'PEL1608121', 'CLS160811A43F'),
('REG-TCH-PEL16081587A910', 'TCH16081201DE', '93445', 'PEL1608121', 'CLS160811103B'),
('REG-TCH-PEL16081587A92', 'TCH16081201DE', '93445', 'PEL1608121', 'CLS1608129313'),
('REG-TCH-PEL16081587A93', 'TCH16081201DE', '93445', 'PEL1608121', 'CLS160811C981'),
('REG-TCH-PEL16081587A94', 'TCH16081201DE', '93445', 'PEL1608121', 'CLS160811EFDD'),
('REG-TCH-PEL16081587A95', 'TCH16081201DE', '93445', 'PEL1608121', 'CLS160811C9F5'),
('REG-TCH-PEL16081587A96', 'TCH16081201DE', '93445', 'PEL1608121', 'CLS16081217B6'),
('REG-TCH-PEL16081587A97', 'TCH16081201DE', '93445', 'PEL1608121', 'CLS160812FBF0'),
('REG-TCH-PEL16081587A98', 'TCH16081201DE', '93445', 'PEL1608121', 'CLS160811AC6D'),
('REG-TCH-PEL16081587A99', 'TCH16081201DE', '93445', 'PEL1608121', 'CLS160811B9E1'),
('REG-TCH-PEL16081588410', 'TCH16081376FC', '55555', 'PEL160812D', 'CLS1608118D89'),
('REG-TCH-PEL16081588411', 'TCH16081376FC', '55555', 'PEL160812D', 'CLS160811A43F'),
('REG-TCH-PEL160815884110', 'TCH16081376FC', '55555', 'PEL160812D', 'CLS160811103B'),
('REG-TCH-PEL16081588412', 'TCH16081376FC', '55555', 'PEL160812D', 'CLS1608129313'),
('REG-TCH-PEL16081588413', 'TCH16081376FC', '55555', 'PEL160812D', 'CLS160811C981'),
('REG-TCH-PEL16081588414', 'TCH16081376FC', '55555', 'PEL160812D', 'CLS160811EFDD'),
('REG-TCH-PEL16081588415', 'TCH16081376FC', '55555', 'PEL160812D', 'CLS160811C9F5'),
('REG-TCH-PEL16081588416', 'TCH16081376FC', '55555', 'PEL160812D', 'CLS16081217B6'),
('REG-TCH-PEL16081588417', 'TCH16081376FC', '55555', 'PEL160812D', 'CLS160812FBF0'),
('REG-TCH-PEL16081588418', 'TCH16081376FC', '55555', 'PEL160812D', 'CLS160811AC6D'),
('REG-TCH-PEL16081588419', 'TCH16081376FC', '55555', 'PEL160812D', 'CLS160811B9E1'),
('REG-TCH-PEL160815B48B0', 'TCH160813B9DC', '73345', 'PEL1608129', 'CLS1608118D89'),
('REG-TCH-PEL160815B48B1', 'TCH160813B9DC', '73345', 'PEL1608129', 'CLS160811A43F'),
('REG-TCH-PEL160815B48B10', 'TCH160813B9DC', '73345', 'PEL1608129', 'CLS160811103B'),
('REG-TCH-PEL160815B48B2', 'TCH160813B9DC', '73345', 'PEL1608129', 'CLS1608129313'),
('REG-TCH-PEL160815B48B3', 'TCH160813B9DC', '73345', 'PEL1608129', 'CLS160811C981'),
('REG-TCH-PEL160815B48B4', 'TCH160813B9DC', '73345', 'PEL1608129', 'CLS160811EFDD'),
('REG-TCH-PEL160815B48B5', 'TCH160813B9DC', '73345', 'PEL1608129', 'CLS160811C9F5'),
('REG-TCH-PEL160815B48B6', 'TCH160813B9DC', '73345', 'PEL1608129', 'CLS16081217B6'),
('REG-TCH-PEL160815B48B7', 'TCH160813B9DC', '73345', 'PEL1608129', 'CLS160812FBF0'),
('REG-TCH-PEL160815B48B8', 'TCH160813B9DC', '73345', 'PEL1608129', 'CLS160811AC6D'),
('REG-TCH-PEL160815B48B9', 'TCH160813B9DC', '73345', 'PEL1608129', 'CLS160811B9E1'),
('REG-TCH-PEL160815B5660', 'TCH160813B581', '332235', 'PEL1608151', 'CLS1608118D89'),
('REG-TCH-PEL160815B5661', 'TCH160813B581', '332235', 'PEL1608151', 'CLS160811A43F'),
('REG-TCH-PEL160815B56610', 'TCH160813B581', '332235', 'PEL1608151', 'CLS160811103B'),
('REG-TCH-PEL160815B5662', 'TCH160813B581', '332235', 'PEL1608151', 'CLS1608129313'),
('REG-TCH-PEL160815B5663', 'TCH160813B581', '332235', 'PEL1608151', 'CLS160811C981'),
('REG-TCH-PEL160815B5664', 'TCH160813B581', '332235', 'PEL1608151', 'CLS160811EFDD'),
('REG-TCH-PEL160815B5665', 'TCH160813B581', '332235', 'PEL1608151', 'CLS160811C9F5'),
('REG-TCH-PEL160815B5666', 'TCH160813B581', '332235', 'PEL1608151', 'CLS16081217B6'),
('REG-TCH-PEL160815B5667', 'TCH160813B581', '332235', 'PEL1608151', 'CLS160812FBF0'),
('REG-TCH-PEL160815B5668', 'TCH160813B581', '332235', 'PEL1608151', 'CLS160811AC6D'),
('REG-TCH-PEL160815B5669', 'TCH160813B581', '332235', 'PEL1608151', 'CLS160811B9E1'),
('REG-TCH-PEL160815C9FB0', 'TCH160812CEC9', '66557', 'PEL160812F', 'CLS1608118D89'),
('REG-TCH-PEL160815C9FB1', 'TCH160812CEC9', '66557', 'PEL160812F', 'CLS160811A43F'),
('REG-TCH-PEL160815C9FB10', 'TCH160812CEC9', '66557', 'PEL160812F', 'CLS160811103B'),
('REG-TCH-PEL160815C9FB2', 'TCH160812CEC9', '66557', 'PEL160812F', 'CLS1608129313'),
('REG-TCH-PEL160815C9FB3', 'TCH160812CEC9', '66557', 'PEL160812F', 'CLS160811C981'),
('REG-TCH-PEL160815C9FB4', 'TCH160812CEC9', '66557', 'PEL160812F', 'CLS160811EFDD'),
('REG-TCH-PEL160815C9FB5', 'TCH160812CEC9', '66557', 'PEL160812F', 'CLS160811C9F5'),
('REG-TCH-PEL160815C9FB6', 'TCH160812CEC9', '66557', 'PEL160812F', 'CLS16081217B6'),
('REG-TCH-PEL160815C9FB7', 'TCH160812CEC9', '66557', 'PEL160812F', 'CLS160812FBF0'),
('REG-TCH-PEL160815C9FB8', 'TCH160812CEC9', '66557', 'PEL160812F', 'CLS160811AC6D'),
('REG-TCH-PEL160815C9FB9', 'TCH160812CEC9', '66557', 'PEL160812F', 'CLS160811B9E1'),
('REG-TCH-PEL160815CE6D0', 'TCH160813D81B', '939433', 'PEL1608127', 'CLS1608118D89'),
('REG-TCH-PEL160815CE6D1', 'TCH160813D81B', '939433', 'PEL1608127', 'CLS160811A43F'),
('REG-TCH-PEL160815CE6D10', 'TCH160813D81B', '939433', 'PEL1608127', 'CLS160811103B'),
('REG-TCH-PEL160815CE6D2', 'TCH160813D81B', '939433', 'PEL1608127', 'CLS1608129313'),
('REG-TCH-PEL160815CE6D3', 'TCH160813D81B', '939433', 'PEL1608127', 'CLS160811C981'),
('REG-TCH-PEL160815CE6D4', 'TCH160813D81B', '939433', 'PEL1608127', 'CLS160811EFDD'),
('REG-TCH-PEL160815CE6D5', 'TCH160813D81B', '939433', 'PEL1608127', 'CLS160811C9F5'),
('REG-TCH-PEL160815CE6D6', 'TCH160813D81B', '939433', 'PEL1608127', 'CLS16081217B6'),
('REG-TCH-PEL160815CE6D7', 'TCH160813D81B', '939433', 'PEL1608127', 'CLS160812FBF0'),
('REG-TCH-PEL160815CE6D8', 'TCH160813D81B', '939433', 'PEL1608127', 'CLS160811AC6D'),
('REG-TCH-PEL160815CE6D9', 'TCH160813D81B', '939433', 'PEL1608127', 'CLS160811B9E1'),
('REG-TCH-PEL160815D9D50', 'TCH1608130550', '344385', 'PEL1608125', 'CLS1608118D89'),
('REG-TCH-PEL160815D9D51', 'TCH1608130550', '344385', 'PEL1608125', 'CLS160811A43F'),
('REG-TCH-PEL160815D9D510', 'TCH1608130550', '344385', 'PEL1608125', 'CLS160811103B'),
('REG-TCH-PEL160815D9D52', 'TCH1608130550', '344385', 'PEL1608125', 'CLS1608129313'),
('REG-TCH-PEL160815D9D53', 'TCH1608130550', '344385', 'PEL1608125', 'CLS160811C981'),
('REG-TCH-PEL160815D9D54', 'TCH1608130550', '344385', 'PEL1608125', 'CLS160811EFDD'),
('REG-TCH-PEL160815D9D55', 'TCH1608130550', '344385', 'PEL1608125', 'CLS160811C9F5'),
('REG-TCH-PEL160815D9D56', 'TCH1608130550', '344385', 'PEL1608125', 'CLS16081217B6'),
('REG-TCH-PEL160815D9D57', 'TCH1608130550', '344385', 'PEL1608125', 'CLS160812FBF0'),
('REG-TCH-PEL160815D9D58', 'TCH1608130550', '344385', 'PEL1608125', 'CLS160811AC6D'),
('REG-TCH-PEL160815D9D59', 'TCH1608130550', '344385', 'PEL1608125', 'CLS160811B9E1'),
('REG-TCH-PEL160815DFD610', 'TCH1608118288', '363345', 'PEL160812F', 'CLS160811103B'),
('REG-TCH-PEL160815DFD69', 'TCH1608118288', '363345', 'PEL160812F', 'CLS160811B9E1');

-- --------------------------------------------------------

--
-- Table structure for table `schedule_teach_ci`
--

CREATE TABLE IF NOT EXISTS `schedule_teach_ci` (
  `id_jadwal` varchar(50) NOT NULL,
  `jam` varchar(150) DEFAULT NULL,
  `jad_start` date NOT NULL,
  `jad_end` date NOT NULL,
  `jad_day` int(5) DEFAULT NULL,
  `tgl_input` date NOT NULL,
  `interfal` int(3) DEFAULT NULL,
  `id_kls` varchar(200) DEFAULT NULL,
  `kls` varchar(50) DEFAULT NULL,
  `tipe_jadwal` int(2) DEFAULT NULL,
  `ket` text
) ENGINE=InnoDB DEFAULT CHARSET=latin1;

--
-- Dumping data for table `schedule_teach_ci`
--

INSERT INTO `schedule_teach_ci` (`id_jadwal`, `jam`, `jad_start`, `jad_end`, `jad_day`, `tgl_input`, `interfal`, `id_kls`, `kls`, `tipe_jadwal`, `ket`) VALUES
('SCH-TCH160826110', '07:00', '2016-07-01', '2017-06-30', 1, '2016-08-26', 30, 'CLS160811B9E1', 'Libur', 1, NULL),
('SCH-TCH1608261100', '11:30', '2016-07-01', '2017-06-30', 1, '2016-08-26', 30, 'CLS160811A43F', 'REG-TCH-PEL160815351F1', 1, NULL),
('SCH-TCH1608261101', '11:30', '2016-07-01', '2017-06-30', 1, '2016-08-26', 30, 'CLS1608129313', 'Libur', 1, NULL),
('SCH-TCH1608261102', '11:30', '2016-07-01', '2017-06-30', 1, '2016-08-26', 30, 'CLS160811C981', 'Libur', 1, NULL),
('SCH-TCH1608261103', '11:30', '2016-07-01', '2017-06-30', 1, '2016-08-26', 30, 'CLS160811C9F5', 'Libur', 1, NULL),
('SCH-TCH1608261104', '11:30', '2016-07-01', '2017-06-30', 1, '2016-08-26', 30, 'CLS160811EFDD', 'Libur', 1, NULL),
('SCH-TCH1608261105', '11:30', '2016-07-01', '2017-06-30', 1, '2016-08-26', 30, 'CLS160811AC6D', 'Libur', 1, NULL),
('SCH-TCH1608261106', '11:30', '2016-07-01', '2017-06-30', 1, '2016-08-26', 30, 'CLS16081217B6', 'Libur', 1, NULL),
('SCH-TCH1608261107', '11:30', '2016-07-01', '2017-06-30', 1, '2016-08-26', 30, 'CLS160812FBF0', 'Libur', 1, NULL),
('SCH-TCH1608261108', '11:30', '2016-07-01', '2017-06-30', 1, '2016-08-26', 30, 'CLS160811103B', 'Libur', 1, NULL),
('SCH-TCH1608261109', '11:30', '2016-07-01', '2017-06-30', 1, '2016-08-26', 30, 'CLS160811B9E1', 'Libur', 1, NULL),
('SCH-TCH160826111', '07:30', '2016-07-01', '2017-06-30', 1, '2016-08-26', 30, 'CLS1608118D89', 'Libur', 1, NULL),
('SCH-TCH1608261110', '12:00', '2016-07-01', '2017-06-30', 1, '2016-08-26', 30, 'CLS1608118D89', 'Libur', 1, NULL),
('SCH-TCH1608261111', '12:00', '2016-07-01', '2017-06-30', 1, '2016-08-26', 30, 'CLS160811A43F', 'Istirahat', 1, NULL),
('SCH-TCH1608261112', '12:00', '2016-07-01', '2017-06-30', 1, '2016-08-26', 30, 'CLS1608129313', 'Libur', 1, NULL),
('SCH-TCH1608261113', '12:00', '2016-07-01', '2017-06-30', 1, '2016-08-26', 30, 'CLS160811C981', 'Libur', 1, NULL),
('SCH-TCH1608261114', '12:00', '2016-07-01', '2017-06-30', 1, '2016-08-26', 30, 'CLS160811C9F5', 'Libur', 1, NULL),
('SCH-TCH1608261115', '12:00', '2016-07-01', '2017-06-30', 1, '2016-08-26', 30, 'CLS160811EFDD', 'Libur', 1, NULL),
('SCH-TCH1608261116', '12:00', '2016-07-01', '2017-06-30', 1, '2016-08-26', 30, 'CLS160811AC6D', 'Libur', 1, NULL),
('SCH-TCH1608261117', '12:00', '2016-07-01', '2017-06-30', 1, '2016-08-26', 30, 'CLS16081217B6', 'Libur', 1, NULL),
('SCH-TCH1608261118', '12:00', '2016-07-01', '2017-06-30', 1, '2016-08-26', 30, 'CLS160812FBF0', 'Libur', 1, NULL),
('SCH-TCH1608261119', '12:00', '2016-07-01', '2017-06-30', 1, '2016-08-26', 30, 'CLS160811103B', 'Libur', 1, NULL),
('SCH-TCH160826112', '07:30', '2016-07-01', '2017-06-30', 1, '2016-08-26', 30, 'CLS160811A43F', 'Upacara Bendera', 1, NULL),
('SCH-TCH1608261120', '12:00', '2016-07-01', '2017-06-30', 1, '2016-08-26', 30, 'CLS160811B9E1', 'Libur', 1, NULL),
('SCH-TCH1608261121', '12:30', '2016-07-01', '2017-06-30', 1, '2016-08-26', 30, 'CLS1608118D89', 'Libur', 1, NULL),
('SCH-TCH1608261122', '12:30', '2016-07-01', '2017-06-30', 1, '2016-08-26', 30, 'CLS160811A43F', 'Istirahat', 1, NULL),
('SCH-TCH1608261123', '12:30', '2016-07-01', '2017-06-30', 1, '2016-08-26', 30, 'CLS1608129313', 'Libur', 1, NULL),
('SCH-TCH1608261124', '12:30', '2016-07-01', '2017-06-30', 1, '2016-08-26', 30, 'CLS160811C981', 'Libur', 1, NULL),
('SCH-TCH1608261125', '12:30', '2016-07-01', '2017-06-30', 1, '2016-08-26', 30, 'CLS160811C9F5', 'Libur', 1, NULL),
('SCH-TCH1608261126', '12:30', '2016-07-01', '2017-06-30', 1, '2016-08-26', 30, 'CLS160811EFDD', 'Libur', 1, NULL),
('SCH-TCH1608261127', '12:30', '2016-07-01', '2017-06-30', 1, '2016-08-26', 30, 'CLS160811AC6D', 'Libur', 1, NULL),
('SCH-TCH1608261128', '12:30', '2016-07-01', '2017-06-30', 1, '2016-08-26', 30, 'CLS16081217B6', 'Libur', 1, NULL),
('SCH-TCH1608261129', '12:30', '2016-07-01', '2017-06-30', 1, '2016-08-26', 30, 'CLS160812FBF0', 'Libur', 1, NULL),
('SCH-TCH160826113', '07:30', '2016-07-01', '2017-06-30', 1, '2016-08-26', 30, 'CLS1608129313', 'Libur', 1, NULL),
('SCH-TCH1608261130', '12:30', '2016-07-01', '2017-06-30', 1, '2016-08-26', 30, 'CLS160811103B', 'Libur', 1, NULL),
('SCH-TCH1608261131', '12:30', '2016-07-01', '2017-06-30', 1, '2016-08-26', 30, 'CLS160811B9E1', 'Libur', 1, NULL),
('SCH-TCH1608261132', '13:00', '2016-07-01', '2017-06-30', 1, '2016-08-26', 30, 'CLS1608118D89', 'Libur', 1, NULL),
('SCH-TCH1608261133', '13:00', '2016-07-01', '2017-06-30', 1, '2016-08-26', 30, 'CLS160811A43F', 'REG-TCH-PEL16081552141', 1, NULL),
('SCH-TCH1608261134', '13:00', '2016-07-01', '2017-06-30', 1, '2016-08-26', 30, 'CLS1608129313', 'Libur', 1, NULL),
('SCH-TCH1608261135', '13:00', '2016-07-01', '2017-06-30', 1, '2016-08-26', 30, 'CLS160811C981', 'Libur', 1, NULL),
('SCH-TCH1608261136', '13:00', '2016-07-01', '2017-06-30', 1, '2016-08-26', 30, 'CLS160811C9F5', 'Libur', 1, NULL),
('SCH-TCH1608261137', '13:00', '2016-07-01', '2017-06-30', 1, '2016-08-26', 30, 'CLS160811EFDD', 'Libur', 1, NULL),
('SCH-TCH1608261138', '13:00', '2016-07-01', '2017-06-30', 1, '2016-08-26', 30, 'CLS160811AC6D', 'Libur', 1, NULL),
('SCH-TCH1608261139', '13:00', '2016-07-01', '2017-06-30', 1, '2016-08-26', 30, 'CLS16081217B6', 'Libur', 1, NULL),
('SCH-TCH160826114', '07:30', '2016-07-01', '2017-06-30', 1, '2016-08-26', 30, 'CLS160811C981', 'Libur', 1, NULL),
('SCH-TCH1608261140', '13:00', '2016-07-01', '2017-06-30', 1, '2016-08-26', 30, 'CLS160812FBF0', 'Libur', 1, NULL),
('SCH-TCH1608261141', '13:00', '2016-07-01', '2017-06-30', 1, '2016-08-26', 30, 'CLS160811103B', 'Libur', 1, NULL),
('SCH-TCH1608261142', '13:00', '2016-07-01', '2017-06-30', 1, '2016-08-26', 30, 'CLS160811B9E1', 'Libur', 1, NULL),
('SCH-TCH1608261143', '13:30', '2016-07-01', '2017-06-30', 1, '2016-08-26', 30, 'CLS1608118D89', 'Libur', 1, NULL),
('SCH-TCH1608261144', '13:30', '2016-07-01', '2017-06-30', 1, '2016-08-26', 30, 'CLS160811A43F', 'REG-TCH-PEL16081552141', 1, NULL),
('SCH-TCH1608261145', '13:30', '2016-07-01', '2017-06-30', 1, '2016-08-26', 30, 'CLS1608129313', 'Libur', 1, NULL),
('SCH-TCH1608261146', '13:30', '2016-07-01', '2017-06-30', 1, '2016-08-26', 30, 'CLS160811C981', 'Libur', 1, NULL),
('SCH-TCH1608261147', '13:30', '2016-07-01', '2017-06-30', 1, '2016-08-26', 30, 'CLS160811C9F5', 'Libur', 1, NULL),
('SCH-TCH1608261148', '13:30', '2016-07-01', '2017-06-30', 1, '2016-08-26', 30, 'CLS160811EFDD', 'Libur', 1, NULL),
('SCH-TCH1608261149', '13:30', '2016-07-01', '2017-06-30', 1, '2016-08-26', 30, 'CLS160811AC6D', 'Libur', 1, NULL),
('SCH-TCH160826115', '07:30', '2016-07-01', '2017-06-30', 1, '2016-08-26', 30, 'CLS160811C9F5', 'Libur', 1, NULL),
('SCH-TCH1608261150', '13:30', '2016-07-01', '2017-06-30', 1, '2016-08-26', 30, 'CLS16081217B6', 'Libur', 1, NULL),
('SCH-TCH1608261151', '13:30', '2016-07-01', '2017-06-30', 1, '2016-08-26', 30, 'CLS160812FBF0', 'Libur', 1, NULL),
('SCH-TCH1608261152', '13:30', '2016-07-01', '2017-06-30', 1, '2016-08-26', 30, 'CLS160811103B', 'Libur', 1, NULL),
('SCH-TCH1608261153', '13:30', '2016-07-01', '2017-06-30', 1, '2016-08-26', 30, 'CLS160811B9E1', 'Libur', 1, NULL),
('SCH-TCH1608261154', '14:00', '2016-07-01', '2017-06-30', 1, '2016-08-26', 30, 'CLS1608118D89', 'Libur', 1, NULL),
('SCH-TCH1608261155', '14:00', '2016-07-01', '2017-06-30', 1, '2016-08-26', 30, 'CLS160811A43F', 'REG-TCH-PEL16081552141', 1, NULL),
('SCH-TCH1608261156', '14:00', '2016-07-01', '2017-06-30', 1, '2016-08-26', 30, 'CLS1608129313', 'Libur', 1, NULL),
('SCH-TCH1608261157', '14:00', '2016-07-01', '2017-06-30', 1, '2016-08-26', 30, 'CLS160811C981', 'Libur', 1, NULL),
('SCH-TCH1608261158', '14:00', '2016-07-01', '2017-06-30', 1, '2016-08-26', 30, 'CLS160811C9F5', 'Libur', 1, NULL),
('SCH-TCH1608261159', '14:00', '2016-07-01', '2017-06-30', 1, '2016-08-26', 30, 'CLS160811EFDD', 'Libur', 1, NULL),
('SCH-TCH160826116', '07:30', '2016-07-01', '2017-06-30', 1, '2016-08-26', 30, 'CLS160811EFDD', 'Libur', 1, NULL),
('SCH-TCH1608261160', '14:00', '2016-07-01', '2017-06-30', 1, '2016-08-26', 30, 'CLS160811AC6D', 'Libur', 1, NULL),
('SCH-TCH1608261161', '14:00', '2016-07-01', '2017-06-30', 1, '2016-08-26', 30, 'CLS16081217B6', 'Libur', 1, NULL),
('SCH-TCH1608261162', '14:00', '2016-07-01', '2017-06-30', 1, '2016-08-26', 30, 'CLS160812FBF0', 'Libur', 1, NULL),
('SCH-TCH1608261163', '14:00', '2016-07-01', '2017-06-30', 1, '2016-08-26', 30, 'CLS160811103B', 'Libur', 1, NULL),
('SCH-TCH1608261164', '14:00', '2016-07-01', '2017-06-30', 1, '2016-08-26', 30, 'CLS160811B9E1', 'Libur', 1, NULL),
('SCH-TCH160826117', '07:30', '2016-07-01', '2017-06-30', 1, '2016-08-26', 30, 'CLS160811AC6D', 'Libur', 1, NULL),
('SCH-TCH160826118', '07:30', '2016-07-01', '2017-06-30', 1, '2016-08-26', 30, 'CLS16081217B6', 'Libur', 1, NULL),
('SCH-TCH160826119', '07:30', '2016-07-01', '2017-06-30', 1, '2016-08-26', 30, 'CLS160812FBF0', 'Libur', 1, NULL),
('SCH-TCH160826120', '07:30', '2016-07-01', '2017-06-30', 1, '2016-08-26', 30, 'CLS160811103B', 'Libur', 1, NULL),
('SCH-TCH160826121', '07:30', '2016-07-01', '2017-06-30', 1, '2016-08-26', 30, 'CLS160811B9E1', 'Libur', 1, NULL),
('SCH-TCH160826122', '08:00', '2016-07-01', '2017-06-30', 1, '2016-08-26', 30, 'CLS1608118D89', 'Libur', 1, NULL),
('SCH-TCH160826123', '08:00', '2016-07-01', '2017-06-30', 1, '2016-08-26', 30, 'CLS160811A43F', 'REG-TCH-PEL16081501121', 1, NULL),
('SCH-TCH160826124', '08:00', '2016-07-01', '2017-06-30', 1, '2016-08-26', 30, 'CLS1608129313', 'Libur', 1, NULL),
('SCH-TCH160826125', '08:00', '2016-07-01', '2017-06-30', 1, '2016-08-26', 30, 'CLS160811C981', 'Libur', 1, NULL),
('SCH-TCH160826126', '08:00', '2016-07-01', '2017-06-30', 1, '2016-08-26', 30, 'CLS160811C9F5', 'Libur', 1, NULL),
('SCH-TCH160826127', '08:00', '2016-07-01', '2017-06-30', 1, '2016-08-26', 30, 'CLS160811EFDD', 'Libur', 1, NULL),
('SCH-TCH160826128', '08:00', '2016-07-01', '2017-06-30', 1, '2016-08-26', 30, 'CLS160811AC6D', 'Libur', 1, NULL),
('SCH-TCH160826129', '08:00', '2016-07-01', '2017-06-30', 1, '2016-08-26', 30, 'CLS16081217B6', 'Libur', 1, NULL),
('SCH-TCH160826130', '08:00', '2016-07-01', '2017-06-30', 1, '2016-08-26', 30, 'CLS160812FBF0', 'Libur', 1, NULL),
('SCH-TCH160826131', '08:00', '2016-07-01', '2017-06-30', 1, '2016-08-26', 30, 'CLS160811103B', 'Libur', 1, NULL),
('SCH-TCH160826132', '08:00', '2016-07-01', '2017-06-30', 1, '2016-08-26', 30, 'CLS160811B9E1', 'Libur', 1, NULL),
('SCH-TCH160826133', '08:30', '2016-07-01', '2017-06-30', 1, '2016-08-26', 30, 'CLS1608118D89', 'Libur', 1, NULL),
('SCH-TCH160826134', '08:30', '2016-07-01', '2017-06-30', 1, '2016-08-26', 30, 'CLS160811A43F', 'REG-TCH-PEL16081501121', 1, NULL),
('SCH-TCH160826135', '08:30', '2016-07-01', '2017-06-30', 1, '2016-08-26', 30, 'CLS1608129313', 'Libur', 1, NULL),
('SCH-TCH160826136', '08:30', '2016-07-01', '2017-06-30', 1, '2016-08-26', 30, 'CLS160811C981', 'Libur', 1, NULL),
('SCH-TCH160826137', '08:30', '2016-07-01', '2017-06-30', 1, '2016-08-26', 30, 'CLS160811C9F5', 'Libur', 1, NULL),
('SCH-TCH160826138', '08:30', '2016-07-01', '2017-06-30', 1, '2016-08-26', 30, 'CLS160811EFDD', 'Libur', 1, NULL),
('SCH-TCH160826139', '08:30', '2016-07-01', '2017-06-30', 1, '2016-08-26', 30, 'CLS160811AC6D', 'Libur', 1, NULL),
('SCH-TCH160826140', '08:30', '2016-07-01', '2017-06-30', 1, '2016-08-26', 30, 'CLS16081217B6', 'Libur', 1, NULL),
('SCH-TCH160826141', '08:30', '2016-07-01', '2017-06-30', 1, '2016-08-26', 30, 'CLS160812FBF0', 'Libur', 1, NULL),
('SCH-TCH160826142', '08:30', '2016-07-01', '2017-06-30', 1, '2016-08-26', 30, 'CLS160811103B', 'Libur', 1, NULL),
('SCH-TCH160826143', '08:30', '2016-07-01', '2017-06-30', 1, '2016-08-26', 30, 'CLS160811B9E1', 'Libur', 1, NULL),
('SCH-TCH160826144', '09:00', '2016-07-01', '2017-06-30', 1, '2016-08-26', 30, 'CLS1608118D89', 'Libur', 1, NULL),
('SCH-TCH160826145', '09:00', '2016-07-01', '2017-06-30', 1, '2016-08-26', 30, 'CLS160811A43F', 'REG-TCH-PEL16081509C21', 1, NULL),
('SCH-TCH160826146', '09:00', '2016-07-01', '2017-06-30', 1, '2016-08-26', 30, 'CLS1608129313', 'Libur', 1, NULL),
('SCH-TCH160826147', '09:00', '2016-07-01', '2017-06-30', 1, '2016-08-26', 30, 'CLS160811C981', 'Libur', 1, NULL),
('SCH-TCH160826148', '09:00', '2016-07-01', '2017-06-30', 1, '2016-08-26', 30, 'CLS160811C9F5', 'Libur', 1, NULL),
('SCH-TCH160826149', '09:00', '2016-07-01', '2017-06-30', 1, '2016-08-26', 30, 'CLS160811EFDD', 'Libur', 1, NULL),
('SCH-TCH160826150', '09:00', '2016-07-01', '2017-06-30', 1, '2016-08-26', 30, 'CLS160811AC6D', 'Libur', 1, NULL),
('SCH-TCH160826151', '09:00', '2016-07-01', '2017-06-30', 1, '2016-08-26', 30, 'CLS16081217B6', 'Libur', 1, NULL),
('SCH-TCH160826152', '09:00', '2016-07-01', '2017-06-30', 1, '2016-08-26', 30, 'CLS160812FBF0', 'Libur', 1, NULL),
('SCH-TCH160826153', '09:00', '2016-07-01', '2017-06-30', 1, '2016-08-26', 30, 'CLS160811103B', 'Libur', 1, NULL),
('SCH-TCH160826154', '09:00', '2016-07-01', '2017-06-30', 1, '2016-08-26', 30, 'CLS160811B9E1', 'Libur', 1, NULL),
('SCH-TCH160826155', '09:30', '2016-07-01', '2017-06-30', 1, '2016-08-26', 30, 'CLS1608118D89', 'Libur', 1, NULL),
('SCH-TCH160826156', '09:30', '2016-07-01', '2017-06-30', 1, '2016-08-26', 30, 'CLS160811A43F', 'REG-TCH-PEL16081509C21', 1, NULL),
('SCH-TCH160826157', '09:30', '2016-07-01', '2017-06-30', 1, '2016-08-26', 30, 'CLS1608129313', 'Libur', 1, NULL),
('SCH-TCH160826158', '09:30', '2016-07-01', '2017-06-30', 1, '2016-08-26', 30, 'CLS160811C981', 'Libur', 1, NULL),
('SCH-TCH160826159', '09:30', '2016-07-01', '2017-06-30', 1, '2016-08-26', 30, 'CLS160811C9F5', 'Libur', 1, NULL),
('SCH-TCH160826160', '09:30', '2016-07-01', '2017-06-30', 1, '2016-08-26', 30, 'CLS160811EFDD', 'Libur', 1, NULL),
('SCH-TCH160826161', '09:30', '2016-07-01', '2017-06-30', 1, '2016-08-26', 30, 'CLS160811AC6D', 'Libur', 1, NULL),
('SCH-TCH160826162', '09:30', '2016-07-01', '2017-06-30', 1, '2016-08-26', 30, 'CLS16081217B6', 'Libur', 1, NULL),
('SCH-TCH160826163', '09:30', '2016-07-01', '2017-06-30', 1, '2016-08-26', 30, 'CLS160812FBF0', 'Libur', 1, NULL),
('SCH-TCH160826164', '09:30', '2016-07-01', '2017-06-30', 1, '2016-08-26', 30, 'CLS160811103B', 'Libur', 1, NULL),
('SCH-TCH160826165', '09:30', '2016-07-01', '2017-06-30', 1, '2016-08-26', 30, 'CLS160811B9E1', 'Libur', 1, NULL),
('SCH-TCH160826166', '10:00', '2016-07-01', '2017-06-30', 1, '2016-08-26', 30, 'CLS1608118D89', 'Libur', 1, NULL),
('SCH-TCH160826167', '10:00', '2016-07-01', '2017-06-30', 1, '2016-08-26', 30, 'CLS160811A43F', 'REG-TCH-PEL16081522A91', 1, NULL),
('SCH-TCH160826168', '10:00', '2016-07-01', '2017-06-30', 1, '2016-08-26', 30, 'CLS1608129313', 'Libur', 1, NULL),
('SCH-TCH160826169', '10:00', '2016-07-01', '2017-06-30', 1, '2016-08-26', 30, 'CLS160811C981', 'Libur', 1, NULL),
('SCH-TCH160826170', '10:00', '2016-07-01', '2017-06-30', 1, '2016-08-26', 30, 'CLS160811C9F5', 'Libur', 1, NULL),
('SCH-TCH160826171', '10:00', '2016-07-01', '2017-06-30', 1, '2016-08-26', 30, 'CLS160811EFDD', 'Libur', 1, NULL),
('SCH-TCH160826172', '10:00', '2016-07-01', '2017-06-30', 1, '2016-08-26', 30, 'CLS160811AC6D', 'Libur', 1, NULL),
('SCH-TCH160826173', '10:00', '2016-07-01', '2017-06-30', 1, '2016-08-26', 30, 'CLS16081217B6', 'Libur', 1, NULL),
('SCH-TCH160826174', '10:00', '2016-07-01', '2017-06-30', 1, '2016-08-26', 30, 'CLS160812FBF0', 'Libur', 1, NULL),
('SCH-TCH160826175', '10:00', '2016-07-01', '2017-06-30', 1, '2016-08-26', 30, 'CLS160811103B', 'Libur', 1, NULL),
('SCH-TCH160826176', '10:00', '2016-07-01', '2017-06-30', 1, '2016-08-26', 30, 'CLS160811B9E1', 'Libur', 1, NULL),
('SCH-TCH160826177', '10:30', '2016-07-01', '2017-06-30', 1, '2016-08-26', 30, 'CLS1608118D89', 'Libur', 1, NULL),
('SCH-TCH160826178', '10:30', '2016-07-01', '2017-06-30', 1, '2016-08-26', 30, 'CLS160811A43F', 'REG-TCH-PEL16081522A91', 1, NULL),
('SCH-TCH160826179', '10:30', '2016-07-01', '2017-06-30', 1, '2016-08-26', 30, 'CLS1608129313', 'Libur', 1, NULL),
('SCH-TCH16082618', '07:00', '2016-07-01', '2017-06-30', 1, '2016-08-26', 30, 'CLS160812FBF0', 'Libur', 1, NULL),
('SCH-TCH160826180', '10:30', '2016-07-01', '2017-06-30', 1, '2016-08-26', 30, 'CLS160811C981', 'Libur', 1, NULL),
('SCH-TCH160826181', '10:30', '2016-07-01', '2017-06-30', 1, '2016-08-26', 30, 'CLS160811C9F5', 'Libur', 1, NULL),
('SCH-TCH160826182', '10:30', '2016-07-01', '2017-06-30', 1, '2016-08-26', 30, 'CLS160811EFDD', 'Libur', 1, NULL),
('SCH-TCH160826183', '10:30', '2016-07-01', '2017-06-30', 1, '2016-08-26', 30, 'CLS160811AC6D', 'Libur', 1, NULL),
('SCH-TCH160826184', '10:30', '2016-07-01', '2017-06-30', 1, '2016-08-26', 30, 'CLS16081217B6', 'Libur', 1, NULL),
('SCH-TCH160826185', '10:30', '2016-07-01', '2017-06-30', 1, '2016-08-26', 30, 'CLS160812FBF0', 'Libur', 1, NULL),
('SCH-TCH160826186', '10:30', '2016-07-01', '2017-06-30', 1, '2016-08-26', 30, 'CLS160811103B', 'Libur', 1, NULL),
('SCH-TCH160826187', '10:30', '2016-07-01', '2017-06-30', 1, '2016-08-26', 30, 'CLS160811B9E1', 'Libur', 1, NULL),
('SCH-TCH160826188', '11:00', '2016-07-01', '2017-06-30', 1, '2016-08-26', 30, 'CLS1608118D89', 'Libur', 1, NULL),
('SCH-TCH160826189', '11:00', '2016-07-01', '2017-06-30', 1, '2016-08-26', 30, 'CLS160811A43F', 'REG-TCH-PEL160815351F1', 1, NULL),
('SCH-TCH16082619', '07:00', '2016-07-01', '2017-06-30', 1, '2016-08-26', 30, 'CLS160811103B', 'Libur', 1, NULL),
('SCH-TCH160826190', '11:00', '2016-07-01', '2017-06-30', 1, '2016-08-26', 30, 'CLS1608129313', 'Libur', 1, NULL),
('SCH-TCH160826191', '11:00', '2016-07-01', '2017-06-30', 1, '2016-08-26', 30, 'CLS160811C981', 'Libur', 1, NULL),
('SCH-TCH160826192', '11:00', '2016-07-01', '2017-06-30', 1, '2016-08-26', 30, 'CLS160811C9F5', 'Libur', 1, NULL),
('SCH-TCH160826193', '11:00', '2016-07-01', '2017-06-30', 1, '2016-08-26', 30, 'CLS160811EFDD', 'Libur', 1, NULL),
('SCH-TCH160826194', '11:00', '2016-07-01', '2017-06-30', 1, '2016-08-26', 30, 'CLS160811AC6D', 'Libur', 1, NULL),
('SCH-TCH160826195', '11:00', '2016-07-01', '2017-06-30', 1, '2016-08-26', 30, 'CLS16081217B6', 'Libur', 1, NULL),
('SCH-TCH160826196', '11:00', '2016-07-01', '2017-06-30', 1, '2016-08-26', 30, 'CLS160812FBF0', 'Libur', 1, NULL),
('SCH-TCH160826197', '11:00', '2016-07-01', '2017-06-30', 1, '2016-08-26', 30, 'CLS160811103B', 'Libur', 1, NULL),
('SCH-TCH160826198', '11:00', '2016-07-01', '2017-06-30', 1, '2016-08-26', 30, 'CLS160811B9E1', 'Libur', 1, NULL),
('SCH-TCH160826199', '11:30', '2016-07-01', '2017-06-30', 1, '2016-08-26', 30, 'CLS1608118D89', 'Libur', 1, NULL),
('SCH-TCH160826216', '07:00', '2016-07-01', '2017-06-30', 1, '2016-08-26', 30, 'CLS160811AC6D', 'Libur', 1, NULL),
('SCH-TCH160826312', '07:00', '2016-07-01', '2017-06-30', 1, '2016-08-26', 30, 'CLS1608129313', 'Libur', 1, NULL),
('SCH-TCH160826A11', '07:00', '2016-07-01', '2017-06-30', 1, '2016-08-26', 30, 'CLS160811A43F', 'Upacara Bendera', 1, NULL),
('SCH-TCH160826A14', '07:00', '2016-07-01', '2017-06-30', 1, '2016-08-26', 30, 'CLS160811C9F5', 'Libur', 1, NULL),
('SCH-TCH160826B10', '07:00', '2016-07-01', '2017-06-30', 1, '2016-08-26', 30, 'CLS1608118D89', 'Libur', 1, NULL),
('SCH-TCH160826C15', '07:00', '2016-07-01', '2017-06-30', 1, '2016-08-26', 30, 'CLS160811EFDD', 'Libur', 1, NULL),
('SCH-TCH160826D13', '07:00', '2016-07-01', '2017-06-30', 1, '2016-08-26', 30, 'CLS160811C981', 'Libur', 1, NULL),
('SCH-TCH160826E17', '07:00', '2016-07-01', '2017-06-30', 1, '2016-08-26', 30, 'CLS16081217B6', 'Libur', 1, NULL),
('SCH-TCH160827210', '07:00', '2016-06-01', '2017-07-01', 2, '2016-08-27', 30, 'CLS160811B9E1', 'Libur', 1, NULL),
('SCH-TCH1608272100', '11:30', '2016-06-01', '2017-07-01', 2, '2016-08-27', 30, 'CLS160811A43F', 'REG-TCH-PEL160815343A1', 1, NULL),
('SCH-TCH1608272101', '11:30', '2016-06-01', '2017-07-01', 2, '2016-08-27', 30, 'CLS1608129313', 'Libur', 1, NULL),
('SCH-TCH1608272102', '11:30', '2016-06-01', '2017-07-01', 2, '2016-08-27', 30, 'CLS160811C981', 'Libur', 1, NULL),
('SCH-TCH1608272103', '11:30', '2016-06-01', '2017-07-01', 2, '2016-08-27', 30, 'CLS160811C9F5', 'Libur', 1, NULL),
('SCH-TCH1608272104', '11:30', '2016-06-01', '2017-07-01', 2, '2016-08-27', 30, 'CLS160811EFDD', 'Libur', 1, NULL),
('SCH-TCH1608272105', '11:30', '2016-06-01', '2017-07-01', 2, '2016-08-27', 30, 'CLS160811AC6D', 'Libur', 1, NULL),
('SCH-TCH1608272106', '11:30', '2016-06-01', '2017-07-01', 2, '2016-08-27', 30, 'CLS16081217B6', 'Libur', 1, NULL),
('SCH-TCH1608272107', '11:30', '2016-06-01', '2017-07-01', 2, '2016-08-27', 30, 'CLS160812FBF0', 'Libur', 1, NULL),
('SCH-TCH1608272108', '11:30', '2016-06-01', '2017-07-01', 2, '2016-08-27', 30, 'CLS160811103B', 'Libur', 1, NULL),
('SCH-TCH1608272109', '11:30', '2016-06-01', '2017-07-01', 2, '2016-08-27', 30, 'CLS160811B9E1', 'Libur', 1, NULL),
('SCH-TCH160827211', '07:30', '2016-06-01', '2017-07-01', 2, '2016-08-27', 30, 'CLS1608118D89', 'Libur', 1, NULL),
('SCH-TCH1608272110', '12:00', '2016-06-01', '2017-07-01', 2, '2016-08-27', 30, 'CLS1608118D89', 'Libur', 1, NULL),
('SCH-TCH1608272111', '12:00', '2016-06-01', '2017-07-01', 2, '2016-08-27', 30, 'CLS160811A43F', 'Istirahat', 1, NULL),
('SCH-TCH1608272112', '12:00', '2016-06-01', '2017-07-01', 2, '2016-08-27', 30, 'CLS1608129313', 'Libur', 1, NULL),
('SCH-TCH1608272113', '12:00', '2016-06-01', '2017-07-01', 2, '2016-08-27', 30, 'CLS160811C981', 'Libur', 1, NULL),
('SCH-TCH1608272114', '12:00', '2016-06-01', '2017-07-01', 2, '2016-08-27', 30, 'CLS160811C9F5', 'Libur', 1, NULL),
('SCH-TCH1608272115', '12:00', '2016-06-01', '2017-07-01', 2, '2016-08-27', 30, 'CLS160811EFDD', 'Libur', 1, NULL),
('SCH-TCH1608272116', '12:00', '2016-06-01', '2017-07-01', 2, '2016-08-27', 30, 'CLS160811AC6D', 'Libur', 1, NULL),
('SCH-TCH1608272117', '12:00', '2016-06-01', '2017-07-01', 2, '2016-08-27', 30, 'CLS16081217B6', 'Libur', 1, NULL),
('SCH-TCH1608272118', '12:00', '2016-06-01', '2017-07-01', 2, '2016-08-27', 30, 'CLS160812FBF0', 'Libur', 1, NULL),
('SCH-TCH1608272119', '12:00', '2016-06-01', '2017-07-01', 2, '2016-08-27', 30, 'CLS160811103B', 'Libur', 1, NULL),
('SCH-TCH160827212', '07:30', '2016-06-01', '2017-07-01', 2, '2016-08-27', 30, 'CLS160811A43F', 'REG-TCH-PEL16081501121', 1, NULL),
('SCH-TCH1608272120', '12:00', '2016-06-01', '2017-07-01', 2, '2016-08-27', 30, 'CLS160811B9E1', 'Libur', 1, NULL),
('SCH-TCH1608272121', '12:30', '2016-06-01', '2017-07-01', 2, '2016-08-27', 30, 'CLS1608118D89', 'Libur', 1, NULL),
('SCH-TCH1608272122', '12:30', '2016-06-01', '2017-07-01', 2, '2016-08-27', 30, 'CLS160811A43F', 'Istirahat', 1, NULL),
('SCH-TCH1608272123', '12:30', '2016-06-01', '2017-07-01', 2, '2016-08-27', 30, 'CLS1608129313', 'Libur', 1, NULL),
('SCH-TCH1608272124', '12:30', '2016-06-01', '2017-07-01', 2, '2016-08-27', 30, 'CLS160811C981', 'Libur', 1, NULL),
('SCH-TCH1608272125', '12:30', '2016-06-01', '2017-07-01', 2, '2016-08-27', 30, 'CLS160811C9F5', 'Libur', 1, NULL),
('SCH-TCH1608272126', '12:30', '2016-06-01', '2017-07-01', 2, '2016-08-27', 30, 'CLS160811EFDD', 'Libur', 1, NULL),
('SCH-TCH1608272127', '12:30', '2016-06-01', '2017-07-01', 2, '2016-08-27', 30, 'CLS160811AC6D', 'Libur', 1, NULL),
('SCH-TCH1608272128', '12:30', '2016-06-01', '2017-07-01', 2, '2016-08-27', 30, 'CLS16081217B6', 'Libur', 1, NULL),
('SCH-TCH1608272129', '12:30', '2016-06-01', '2017-07-01', 2, '2016-08-27', 30, 'CLS160812FBF0', 'Libur', 1, NULL),
('SCH-TCH160827213', '07:30', '2016-06-01', '2017-07-01', 2, '2016-08-27', 30, 'CLS1608129313', 'Libur', 1, NULL),
('SCH-TCH1608272130', '12:30', '2016-06-01', '2017-07-01', 2, '2016-08-27', 30, 'CLS160811103B', 'Libur', 1, NULL),
('SCH-TCH1608272131', '12:30', '2016-06-01', '2017-07-01', 2, '2016-08-27', 30, 'CLS160811B9E1', 'Libur', 1, NULL),
('SCH-TCH1608272132', '13:00', '2016-06-01', '2017-07-01', 2, '2016-08-27', 30, 'CLS1608118D89', 'Libur', 1, NULL),
('SCH-TCH1608272133', '13:00', '2016-06-01', '2017-07-01', 2, '2016-08-27', 30, 'CLS160811A43F', 'REG-TCH-PEL160815343A1', 1, NULL),
('SCH-TCH1608272134', '13:00', '2016-06-01', '2017-07-01', 2, '2016-08-27', 30, 'CLS1608129313', 'Libur', 1, NULL),
('SCH-TCH1608272135', '13:00', '2016-06-01', '2017-07-01', 2, '2016-08-27', 30, 'CLS160811C981', 'Libur', 1, NULL),
('SCH-TCH1608272136', '13:00', '2016-06-01', '2017-07-01', 2, '2016-08-27', 30, 'CLS160811C9F5', 'Libur', 1, NULL),
('SCH-TCH1608272137', '13:00', '2016-06-01', '2017-07-01', 2, '2016-08-27', 30, 'CLS160811EFDD', 'Libur', 1, NULL),
('SCH-TCH1608272138', '13:00', '2016-06-01', '2017-07-01', 2, '2016-08-27', 30, 'CLS160811AC6D', 'Libur', 1, NULL),
('SCH-TCH1608272139', '13:00', '2016-06-01', '2017-07-01', 2, '2016-08-27', 30, 'CLS16081217B6', 'Libur', 1, NULL),
('SCH-TCH160827214', '07:30', '2016-06-01', '2017-07-01', 2, '2016-08-27', 30, 'CLS160811C981', 'Libur', 1, NULL),
('SCH-TCH1608272140', '13:00', '2016-06-01', '2017-07-01', 2, '2016-08-27', 30, 'CLS160812FBF0', 'Libur', 1, NULL),
('SCH-TCH1608272141', '13:00', '2016-06-01', '2017-07-01', 2, '2016-08-27', 30, 'CLS160811103B', 'Libur', 1, NULL),
('SCH-TCH1608272142', '13:00', '2016-06-01', '2017-07-01', 2, '2016-08-27', 30, 'CLS160811B9E1', 'Libur', 1, NULL),
('SCH-TCH1608272143', '13:30', '2016-06-01', '2017-07-01', 2, '2016-08-27', 30, 'CLS1608118D89', 'Libur', 1, NULL),
('SCH-TCH1608272144', '13:30', '2016-06-01', '2017-07-01', 2, '2016-08-27', 30, 'CLS160811A43F', 'REG-TCH-PEL160815343A1', 1, NULL),
('SCH-TCH1608272145', '13:30', '2016-06-01', '2017-07-01', 2, '2016-08-27', 30, 'CLS1608129313', 'Libur', 1, NULL),
('SCH-TCH1608272146', '13:30', '2016-06-01', '2017-07-01', 2, '2016-08-27', 30, 'CLS160811C981', 'Libur', 1, NULL),
('SCH-TCH1608272147', '13:30', '2016-06-01', '2017-07-01', 2, '2016-08-27', 30, 'CLS160811C9F5', 'Libur', 1, NULL),
('SCH-TCH1608272148', '13:30', '2016-06-01', '2017-07-01', 2, '2016-08-27', 30, 'CLS160811EFDD', 'Libur', 1, NULL),
('SCH-TCH1608272149', '13:30', '2016-06-01', '2017-07-01', 2, '2016-08-27', 30, 'CLS160811AC6D', 'Libur', 1, NULL),
('SCH-TCH160827215', '07:30', '2016-06-01', '2017-07-01', 2, '2016-08-27', 30, 'CLS160811C9F5', 'Libur', 1, NULL),
('SCH-TCH1608272150', '13:30', '2016-06-01', '2017-07-01', 2, '2016-08-27', 30, 'CLS16081217B6', 'Libur', 1, NULL),
('SCH-TCH1608272151', '13:30', '2016-06-01', '2017-07-01', 2, '2016-08-27', 30, 'CLS160812FBF0', 'Libur', 1, NULL),
('SCH-TCH1608272152', '13:30', '2016-06-01', '2017-07-01', 2, '2016-08-27', 30, 'CLS160811103B', 'Libur', 1, NULL),
('SCH-TCH1608272153', '13:30', '2016-06-01', '2017-07-01', 2, '2016-08-27', 30, 'CLS160811B9E1', 'Libur', 1, NULL),
('SCH-TCH1608272154', '14:00', '2016-06-01', '2017-07-01', 2, '2016-08-27', 30, 'CLS1608118D89', 'Libur', 1, NULL),
('SCH-TCH1608272155', '14:00', '2016-06-01', '2017-07-01', 2, '2016-08-27', 30, 'CLS160811A43F', 'REG-TCH-PEL160815343A1', 1, NULL),
('SCH-TCH1608272156', '14:00', '2016-06-01', '2017-07-01', 2, '2016-08-27', 30, 'CLS1608129313', 'Libur', 1, NULL),
('SCH-TCH1608272157', '14:00', '2016-06-01', '2017-07-01', 2, '2016-08-27', 30, 'CLS160811C981', 'Libur', 1, NULL),
('SCH-TCH1608272158', '14:00', '2016-06-01', '2017-07-01', 2, '2016-08-27', 30, 'CLS160811C9F5', 'Libur', 1, NULL),
('SCH-TCH1608272159', '14:00', '2016-06-01', '2017-07-01', 2, '2016-08-27', 30, 'CLS160811EFDD', 'Libur', 1, NULL),
('SCH-TCH160827216', '07:30', '2016-06-01', '2017-07-01', 2, '2016-08-27', 30, 'CLS160811EFDD', 'Libur', 1, NULL),
('SCH-TCH1608272160', '14:00', '2016-06-01', '2017-07-01', 2, '2016-08-27', 30, 'CLS160811AC6D', 'Libur', 1, NULL),
('SCH-TCH1608272161', '14:00', '2016-06-01', '2017-07-01', 2, '2016-08-27', 30, 'CLS16081217B6', 'Libur', 1, NULL),
('SCH-TCH1608272162', '14:00', '2016-06-01', '2017-07-01', 2, '2016-08-27', 30, 'CLS160812FBF0', 'Libur', 1, NULL),
('SCH-TCH1608272163', '14:00', '2016-06-01', '2017-07-01', 2, '2016-08-27', 30, 'CLS160811103B', 'Libur', 1, NULL),
('SCH-TCH1608272164', '14:00', '2016-06-01', '2017-07-01', 2, '2016-08-27', 30, 'CLS160811B9E1', 'Libur', 1, NULL),
('SCH-TCH160827217', '07:30', '2016-06-01', '2017-07-01', 2, '2016-08-27', 30, 'CLS160811AC6D', 'Libur', 1, NULL),
('SCH-TCH160827218', '07:30', '2016-06-01', '2017-07-01', 2, '2016-08-27', 30, 'CLS16081217B6', 'Libur', 1, NULL),
('SCH-TCH160827219', '07:30', '2016-06-01', '2017-07-01', 2, '2016-08-27', 30, 'CLS160812FBF0', 'Libur', 1, NULL),
('SCH-TCH160827220', '07:30', '2016-06-01', '2017-07-01', 2, '2016-08-27', 30, 'CLS160811103B', 'Libur', 1, NULL),
('SCH-TCH160827221', '07:30', '2016-06-01', '2017-07-01', 2, '2016-08-27', 30, 'CLS160811B9E1', 'Libur', 1, NULL),
('SCH-TCH160827222', '08:00', '2016-06-01', '2017-07-01', 2, '2016-08-27', 30, 'CLS1608118D89', 'Libur', 1, NULL),
('SCH-TCH160827223', '08:00', '2016-06-01', '2017-07-01', 2, '2016-08-27', 30, 'CLS160811A43F', 'REG-TCH-PEL16081501121', 1, NULL),
('SCH-TCH160827224', '08:00', '2016-06-01', '2017-07-01', 2, '2016-08-27', 30, 'CLS1608129313', 'Libur', 1, NULL),
('SCH-TCH160827225', '08:00', '2016-06-01', '2017-07-01', 2, '2016-08-27', 30, 'CLS160811C981', 'Libur', 1, NULL),
('SCH-TCH160827226', '08:00', '2016-06-01', '2017-07-01', 2, '2016-08-27', 30, 'CLS160811C9F5', 'Libur', 1, NULL),
('SCH-TCH160827227', '08:00', '2016-06-01', '2017-07-01', 2, '2016-08-27', 30, 'CLS160811EFDD', 'Libur', 1, NULL),
('SCH-TCH160827228', '08:00', '2016-06-01', '2017-07-01', 2, '2016-08-27', 30, 'CLS160811AC6D', 'Libur', 1, NULL),
('SCH-TCH160827229', '08:00', '2016-06-01', '2017-07-01', 2, '2016-08-27', 30, 'CLS16081217B6', 'Libur', 1, NULL),
('SCH-TCH160827230', '08:00', '2016-06-01', '2017-07-01', 2, '2016-08-27', 30, 'CLS160812FBF0', 'Libur', 1, NULL),
('SCH-TCH160827231', '08:00', '2016-06-01', '2017-07-01', 2, '2016-08-27', 30, 'CLS160811103B', 'Libur', 1, NULL),
('SCH-TCH160827232', '08:00', '2016-06-01', '2017-07-01', 2, '2016-08-27', 30, 'CLS160811B9E1', 'Libur', 1, NULL),
('SCH-TCH160827233', '08:30', '2016-06-01', '2017-07-01', 2, '2016-08-27', 30, 'CLS1608118D89', 'Libur', 1, NULL),
('SCH-TCH160827234', '08:30', '2016-06-01', '2017-07-01', 2, '2016-08-27', 30, 'CLS160811A43F', 'REG-TCH-PEL16081501121', 1, NULL),
('SCH-TCH160827235', '08:30', '2016-06-01', '2017-07-01', 2, '2016-08-27', 30, 'CLS1608129313', 'Libur', 1, NULL),
('SCH-TCH160827236', '08:30', '2016-06-01', '2017-07-01', 2, '2016-08-27', 30, 'CLS160811C981', 'Libur', 1, NULL),
('SCH-TCH160827237', '08:30', '2016-06-01', '2017-07-01', 2, '2016-08-27', 30, 'CLS160811C9F5', 'Libur', 1, NULL),
('SCH-TCH160827238', '08:30', '2016-06-01', '2017-07-01', 2, '2016-08-27', 30, 'CLS160811EFDD', 'Libur', 1, NULL),
('SCH-TCH160827239', '08:30', '2016-06-01', '2017-07-01', 2, '2016-08-27', 30, 'CLS160811AC6D', 'Libur', 1, NULL),
('SCH-TCH160827240', '08:30', '2016-06-01', '2017-07-01', 2, '2016-08-27', 30, 'CLS16081217B6', 'Libur', 1, NULL),
('SCH-TCH160827241', '08:30', '2016-06-01', '2017-07-01', 2, '2016-08-27', 30, 'CLS160812FBF0', 'Libur', 1, NULL),
('SCH-TCH160827242', '08:30', '2016-06-01', '2017-07-01', 2, '2016-08-27', 30, 'CLS160811103B', 'Libur', 1, NULL),
('SCH-TCH160827243', '08:30', '2016-06-01', '2017-07-01', 2, '2016-08-27', 30, 'CLS160811B9E1', 'Libur', 1, NULL),
('SCH-TCH160827244', '09:00', '2016-06-01', '2017-07-01', 2, '2016-08-27', 30, 'CLS1608118D89', 'Libur', 1, NULL),
('SCH-TCH160827245', '09:00', '2016-06-01', '2017-07-01', 2, '2016-08-27', 30, 'CLS160811A43F', 'REG-TCH-PEL16081509C21', 1, NULL),
('SCH-TCH160827246', '09:00', '2016-06-01', '2017-07-01', 2, '2016-08-27', 30, 'CLS1608129313', 'Libur', 1, NULL),
('SCH-TCH160827247', '09:00', '2016-06-01', '2017-07-01', 2, '2016-08-27', 30, 'CLS160811C981', 'Libur', 1, NULL),
('SCH-TCH160827248', '09:00', '2016-06-01', '2017-07-01', 2, '2016-08-27', 30, 'CLS160811C9F5', 'Libur', 1, NULL),
('SCH-TCH160827249', '09:00', '2016-06-01', '2017-07-01', 2, '2016-08-27', 30, 'CLS160811EFDD', 'Libur', 1, NULL),
('SCH-TCH160827250', '09:00', '2016-06-01', '2017-07-01', 2, '2016-08-27', 30, 'CLS160811AC6D', 'Libur', 1, NULL),
('SCH-TCH160827251', '09:00', '2016-06-01', '2017-07-01', 2, '2016-08-27', 30, 'CLS16081217B6', 'Libur', 1, NULL),
('SCH-TCH160827252', '09:00', '2016-06-01', '2017-07-01', 2, '2016-08-27', 30, 'CLS160812FBF0', 'Libur', 1, NULL),
('SCH-TCH160827253', '09:00', '2016-06-01', '2017-07-01', 2, '2016-08-27', 30, 'CLS160811103B', 'Libur', 1, NULL),
('SCH-TCH160827254', '09:00', '2016-06-01', '2017-07-01', 2, '2016-08-27', 30, 'CLS160811B9E1', 'Libur', 1, NULL),
('SCH-TCH160827255', '09:30', '2016-06-01', '2017-07-01', 2, '2016-08-27', 30, 'CLS1608118D89', 'Libur', 1, NULL),
('SCH-TCH160827256', '09:30', '2016-06-01', '2017-07-01', 2, '2016-08-27', 30, 'CLS160811A43F', 'REG-TCH-PEL16081509C21', 1, NULL),
('SCH-TCH160827257', '09:30', '2016-06-01', '2017-07-01', 2, '2016-08-27', 30, 'CLS1608129313', 'Libur', 1, NULL),
('SCH-TCH160827258', '09:30', '2016-06-01', '2017-07-01', 2, '2016-08-27', 30, 'CLS160811C981', 'Libur', 1, NULL),
('SCH-TCH160827259', '09:30', '2016-06-01', '2017-07-01', 2, '2016-08-27', 30, 'CLS160811C9F5', 'Libur', 1, NULL),
('SCH-TCH160827260', '09:30', '2016-06-01', '2017-07-01', 2, '2016-08-27', 30, 'CLS160811EFDD', 'Libur', 1, NULL),
('SCH-TCH160827261', '09:30', '2016-06-01', '2017-07-01', 2, '2016-08-27', 30, 'CLS160811AC6D', 'Libur', 1, NULL),
('SCH-TCH160827262', '09:30', '2016-06-01', '2017-07-01', 2, '2016-08-27', 30, 'CLS16081217B6', 'Libur', 1, NULL),
('SCH-TCH160827263', '09:30', '2016-06-01', '2017-07-01', 2, '2016-08-27', 30, 'CLS160812FBF0', 'Libur', 1, NULL),
('SCH-TCH160827264', '09:30', '2016-06-01', '2017-07-01', 2, '2016-08-27', 30, 'CLS160811103B', 'Libur', 1, NULL),
('SCH-TCH160827265', '09:30', '2016-06-01', '2017-07-01', 2, '2016-08-27', 30, 'CLS160811B9E1', 'Libur', 1, NULL),
('SCH-TCH160827266', '10:00', '2016-06-01', '2017-07-01', 2, '2016-08-27', 30, 'CLS1608118D89', 'Libur', 1, NULL),
('SCH-TCH160827267', '10:00', '2016-06-01', '2017-07-01', 2, '2016-08-27', 30, 'CLS160811A43F', 'REG-TCH-PEL16081509C21', 1, NULL),
('SCH-TCH160827268', '10:00', '2016-06-01', '2017-07-01', 2, '2016-08-27', 30, 'CLS1608129313', 'Libur', 1, NULL),
('SCH-TCH160827269', '10:00', '2016-06-01', '2017-07-01', 2, '2016-08-27', 30, 'CLS160811C981', 'Libur', 1, NULL),
('SCH-TCH160827270', '10:00', '2016-06-01', '2017-07-01', 2, '2016-08-27', 30, 'CLS160811C9F5', 'Libur', 1, NULL),
('SCH-TCH160827271', '10:00', '2016-06-01', '2017-07-01', 2, '2016-08-27', 30, 'CLS160811EFDD', 'Libur', 1, NULL),
('SCH-TCH160827272', '10:00', '2016-06-01', '2017-07-01', 2, '2016-08-27', 30, 'CLS160811AC6D', 'Libur', 1, NULL),
('SCH-TCH160827273', '10:00', '2016-06-01', '2017-07-01', 2, '2016-08-27', 30, 'CLS16081217B6', 'Libur', 1, NULL),
('SCH-TCH160827274', '10:00', '2016-06-01', '2017-07-01', 2, '2016-08-27', 30, 'CLS160812FBF0', 'Libur', 1, NULL),
('SCH-TCH160827275', '10:00', '2016-06-01', '2017-07-01', 2, '2016-08-27', 30, 'CLS160811103B', 'Libur', 1, NULL),
('SCH-TCH160827276', '10:00', '2016-06-01', '2017-07-01', 2, '2016-08-27', 30, 'CLS160811B9E1', 'Libur', 1, NULL),
('SCH-TCH160827277', '10:30', '2016-06-01', '2017-07-01', 2, '2016-08-27', 30, 'CLS1608118D89', 'Libur', 1, NULL),
('SCH-TCH160827278', '10:30', '2016-06-01', '2017-07-01', 2, '2016-08-27', 30, 'CLS160811A43F', 'REG-TCH-PEL16081509C21', 1, NULL),
('SCH-TCH160827279', '10:30', '2016-06-01', '2017-07-01', 2, '2016-08-27', 30, 'CLS1608129313', 'Libur', 1, NULL),
('SCH-TCH16082728', '07:00', '2016-06-01', '2017-07-01', 2, '2016-08-27', 30, 'CLS160812FBF0', 'Libur', 1, NULL),
('SCH-TCH160827280', '10:30', '2016-06-01', '2017-07-01', 2, '2016-08-27', 30, 'CLS160811C981', 'Libur', 1, NULL),
('SCH-TCH160827281', '10:30', '2016-06-01', '2017-07-01', 2, '2016-08-27', 30, 'CLS160811C9F5', 'Libur', 1, NULL),
('SCH-TCH160827282', '10:30', '2016-06-01', '2017-07-01', 2, '2016-08-27', 30, 'CLS160811EFDD', 'Libur', 1, NULL),
('SCH-TCH160827283', '10:30', '2016-06-01', '2017-07-01', 2, '2016-08-27', 30, 'CLS160811AC6D', 'Libur', 1, NULL),
('SCH-TCH160827284', '10:30', '2016-06-01', '2017-07-01', 2, '2016-08-27', 30, 'CLS16081217B6', 'Libur', 1, NULL),
('SCH-TCH160827285', '10:30', '2016-06-01', '2017-07-01', 2, '2016-08-27', 30, 'CLS160812FBF0', 'Libur', 1, NULL),
('SCH-TCH160827286', '10:30', '2016-06-01', '2017-07-01', 2, '2016-08-27', 30, 'CLS160811103B', 'Libur', 1, NULL),
('SCH-TCH160827287', '10:30', '2016-06-01', '2017-07-01', 2, '2016-08-27', 30, 'CLS160811B9E1', 'Libur', 1, NULL),
('SCH-TCH160827288', '11:00', '2016-06-01', '2017-07-01', 2, '2016-08-27', 30, 'CLS1608118D89', 'Libur', 1, NULL),
('SCH-TCH160827289', '11:00', '2016-06-01', '2017-07-01', 2, '2016-08-27', 30, 'CLS160811A43F', 'REG-TCH-PEL160815343A1', 1, NULL),
('SCH-TCH16082729', '07:00', '2016-06-01', '2017-07-01', 2, '2016-08-27', 30, 'CLS160811103B', 'Libur', 1, NULL),
('SCH-TCH160827290', '11:00', '2016-06-01', '2017-07-01', 2, '2016-08-27', 30, 'CLS1608129313', 'Libur', 1, NULL),
('SCH-TCH160827291', '11:00', '2016-06-01', '2017-07-01', 2, '2016-08-27', 30, 'CLS160811C981', 'Libur', 1, NULL),
('SCH-TCH160827292', '11:00', '2016-06-01', '2017-07-01', 2, '2016-08-27', 30, 'CLS160811C9F5', 'Libur', 1, NULL),
('SCH-TCH160827293', '11:00', '2016-06-01', '2017-07-01', 2, '2016-08-27', 30, 'CLS160811EFDD', 'Libur', 1, NULL),
('SCH-TCH160827294', '11:00', '2016-06-01', '2017-07-01', 2, '2016-08-27', 30, 'CLS160811AC6D', 'Libur', 1, NULL),
('SCH-TCH160827295', '11:00', '2016-06-01', '2017-07-01', 2, '2016-08-27', 30, 'CLS16081217B6', 'Libur', 1, NULL),
('SCH-TCH160827296', '11:00', '2016-06-01', '2017-07-01', 2, '2016-08-27', 30, 'CLS160812FBF0', 'Libur', 1, NULL),
('SCH-TCH160827297', '11:00', '2016-06-01', '2017-07-01', 2, '2016-08-27', 30, 'CLS160811103B', 'Libur', 1, NULL),
('SCH-TCH160827298', '11:00', '2016-06-01', '2017-07-01', 2, '2016-08-27', 30, 'CLS160811B9E1', 'Libur', 1, NULL),
('SCH-TCH160827299', '11:30', '2016-06-01', '2017-07-01', 2, '2016-08-27', 30, 'CLS1608118D89', 'Libur', 1, NULL),
('SCH-TCH160827624', '07:00', '2016-06-01', '2017-07-01', 2, '2016-08-27', 30, 'CLS160811C9F5', 'Libur', 1, NULL),
('SCH-TCH160827727', '07:00', '2016-06-01', '2017-07-01', 2, '2016-08-27', 30, 'CLS16081217B6', 'Libur', 1, NULL),
('SCH-TCH160827A21', '07:00', '2016-06-01', '2017-07-01', 2, '2016-08-27', 30, 'CLS160811A43F', 'REG-TCH-PEL16081501121', 1, NULL),
('SCH-TCH160827B20', '07:00', '2016-06-01', '2017-07-01', 2, '2016-08-27', 30, 'CLS1608118D89', 'Libur', 1, NULL),
('SCH-TCH160827C26', '07:00', '2016-06-01', '2017-07-01', 2, '2016-08-27', 30, 'CLS160811AC6D', 'Libur', 1, NULL),
('SCH-TCH160827D22', '07:00', '2016-06-01', '2017-07-01', 2, '2016-08-27', 30, 'CLS1608129313', 'Libur', 1, NULL),
('SCH-TCH160827E23', '07:00', '2016-06-01', '2017-07-01', 2, '2016-08-27', 30, 'CLS160811C981', 'Libur', 1, NULL),
('SCH-TCH160827F25', '07:00', '2016-06-01', '2017-07-01', 2, '2016-08-27', 30, 'CLS160811EFDD', 'Libur', 1, NULL);

-- --------------------------------------------------------

--
-- Table structure for table `studen_ci`
--

CREATE TABLE IF NOT EXISTS `studen_ci` (
  `id_stu` varchar(50) NOT NULL,
  `nis` varchar(15) DEFAULT NULL,
  `nisn` varchar(15) DEFAULT NULL,
  `nam_stu` varchar(50) DEFAULT NULL,
  `jk` varchar(2) DEFAULT NULL,
  `tgl_lhr` date DEFAULT NULL,
  `id_kls` varchar(20) DEFAULT NULL,
  `id_bio_stu` varchar(20) DEFAULT NULL
) ENGINE=InnoDB DEFAULT CHARSET=latin1;

--
-- Dumping data for table `studen_ci`
--

INSERT INTO `studen_ci` (`id_stu`, `nis`, `nisn`, `nam_stu`, `jk`, `tgl_lhr`, `id_kls`, `id_bio_stu`) VALUES
('STU1608126EAB0', '161701008', '', 'Aisya Desire Putriana', 'P', '2010-03-15', 'CLS1608118D89', 'BIO-STU1608126EAB0'),
('STU1608126EAB1', '161701011', '', 'Alya Nabila Azharia', 'P', '2010-06-19', 'CLS1608118D89', 'BIO-STU1608126EAB1'),
('STU1608126EAB10', '161701041', '', 'Khiara Yassar Icasia', 'P', '2010-02-07', 'CLS1608118D89', 'BIO-STU1608126EAB10'),
('STU1608126EAB100', '151601002', '0088423994', 'Adinata Taqi Hibban Nur Rizky', 'L', '2008-12-28', 'CLS160811EFDD', 'BIO-STU1608126EAB100'),
('STU1608126EAB101', '151601005', '0089825881', 'Ahmad Faris Hardiansyah', 'L', '2008-11-24', 'CLS160811EFDD', 'BIO-STU1608126EAB101'),
('STU1608126EAB102', '151601010', '0097010700', 'Anabela Raina Rahayu', 'P', '2009-06-12', 'CLS160811EFDD', 'BIO-STU1608126EAB102'),
('STU1608126EAB103', '151601012', '0087660537', 'Asma Nur Khayati', 'P', '2008-12-04', 'CLS160811EFDD', 'BIO-STU1608126EAB103'),
('STU1608126EAB104', '151601013', '0097627313', 'Asti Anindya', 'P', '2009-02-13', 'CLS160811EFDD', 'BIO-STU1608126EAB104'),
('STU1608126EAB105', '151601014', '0094528111', 'Aulia''ul Azkia', 'P', '2009-04-27', 'CLS160811EFDD', 'BIO-STU1608126EAB105'),
('STU1608126EAB106', '151601016', '0081935050', 'Ayura Putri Pratiwi', 'P', '2008-12-15', 'CLS160811EFDD', 'BIO-STU1608126EAB106'),
('STU1608126EAB107', '151601018', '0095792754', 'Bilqis Aisyatul Fathonah', 'P', '2009-05-06', 'CLS160811EFDD', 'BIO-STU1608126EAB107'),
('STU1608126EAB108', '151601021', '0086168844', 'Dian Nugraheni', 'P', '2008-08-27', 'CLS160811EFDD', 'BIO-STU1608126EAB108'),
('STU1608126EAB109', '151601022', '0097377073', 'Dimas Surya Prasetyo', 'L', '2009-01-09', 'CLS160811EFDD', 'BIO-STU1608126EAB109'),
('STU1608126EAB11', '161701043', '', 'Lubna Anindya Maharani', 'P', '2010-04-11', 'CLS1608118D89', 'BIO-STU1608126EAB11'),
('STU1608126EAB110', '151601023', '0093486023', 'Egsa Kayla Vinarta', 'P', '2009-01-19', 'CLS160811EFDD', 'BIO-STU1608126EAB110'),
('STU1608126EAB111', '121301012', '0066504144', 'Evan Eka Putra', 'L', '2006-01-07', 'CLS160811EFDD', 'BIO-STU1608126EAB111'),
('STU1608126EAB112', '151601026', '0087039338', 'Evelyn Qonita Ganestarin', 'P', '2008-09-23', 'CLS160811EFDD', 'BIO-STU1608126EAB112'),
('STU1608126EAB113', '151601027', '0081111257', 'Fadlan Nazril Herwanda', 'L', '2008-08-31', 'CLS160811EFDD', 'BIO-STU1608126EAB113'),
('STU1608126EAB114', '151601036', '0082925352', 'Ibnaty Kamilah Maharani', 'P', '2008-12-19', 'CLS160811EFDD', 'BIO-STU1608126EAB114'),
('STU1608126EAB115', '151601075', '0082133174', 'Kaemita Putri Degio', 'P', '2008-10-31', 'CLS160811EFDD', 'BIO-STU1608126EAB115'),
('STU1608126EAB116', '131401027', '0077995777', 'Karissa Keiko Diandra', 'P', '2007-08-24', 'CLS160811EFDD', 'BIO-STU1608126EAB116'),
('STU1608126EAB117', '151601043', '0088166622', 'Kayyisah Aliya Luthfy', 'P', '2008-11-24', 'CLS160811EFDD', 'BIO-STU1608126EAB117'),
('STU1608126EAB118', '151601044', '0093342099', 'Lazuardi Ahmad Ghofar', 'L', '2009-05-20', 'CLS160811EFDD', 'BIO-STU1608126EAB118'),
('STU1608126EAB119', '151601060', '0085516792', 'Rajni Nailah Anjani', 'P', '2008-12-11', 'CLS160811EFDD', 'BIO-STU1608126EAB119'),
('STU1608126EAB12', '161701044', '', 'Luklu''ul Luthfiana Yosaputri', 'P', '2010-06-30', 'CLS1608118D89', 'BIO-STU1608126EAB12'),
('STU1608126EAB120', '151601062', '0097431684', 'Regi Fadilah Priyanto', 'L', '2009-07-29', 'CLS160811EFDD', 'BIO-STU1608126EAB120'),
('STU1608126EAB121', '151601065', '0097375848', 'Reika Aulia Asdela', 'P', '2009-06-05', 'CLS160811EFDD', 'BIO-STU1608126EAB121'),
('STU1608126EAB122', '151601065', '0097375848', 'Sabrina Aisyfa Putri Sasmito', 'P', '2009-06-05', 'CLS160811EFDD', 'BIO-STU1608126EAB122'),
('STU1608126EAB123', '151601067', '0084034105', 'Salman Al Parisi', 'L', '2008-09-06', 'CLS160811EFDD', 'BIO-STU1608126EAB123'),
('STU1608126EAB124', '151601003', '0099323366', 'Aditya Isra Rahman', 'L', '2009-07-19', 'CLS160811C981', 'BIO-STU1608126EAB124'),
('STU1608126EAB125', '151601007', '0097774348', 'Alfath Darrel Arizal', 'L', '2009-06-02', 'CLS160811C981', 'BIO-STU1608126EAB125'),
('STU1608126EAB126', '151601008', '0096014994', 'Alindra Carmelia Rusmana', 'P', '2009-01-28', 'CLS160811C981', 'BIO-STU1608126EAB126'),
('STU1608126EAB127', '151601017', '0094967588', 'Azka Rihhadatul Atha', 'L', '2009-02-17', 'CLS160811C981', 'BIO-STU1608126EAB127'),
('STU1608126EAB128', '151601019', '0088257711', 'Bilqis Melcias Oktafianti Akbar', 'P', '2008-10-18', 'CLS160811C981', 'BIO-STU1608126EAB128'),
('STU1608126EAB129', '151601020', '0088855810', 'Desvita Athaya Chandra Kirana', 'P', '2008-12-04', 'CLS160811C981', 'BIO-STU1608126EAB129'),
('STU1608126EAB13', '161701045', '', 'Makhbrur Raino Haddad', 'L', '2010-01-15', 'CLS1608118D89', 'BIO-STU1608126EAB13'),
('STU1608126EAB131', '151601024', '0097679336', 'Elsa Maullani Rahayu', 'P', '2009-03-03', 'CLS160811C981', 'BIO-STU1608126EAB131'),
('STU1608126EAB132', '151601028', '0082224289', 'Farah Zahfania', 'P', '2008-12-02', 'CLS160811C981', 'BIO-STU1608126EAB132'),
('STU1608126EAB133', '151601029', '0096898668', 'Fayadha Fardan Setyawan', 'L', '2009-07-14', 'CLS160811C981', 'BIO-STU1608126EAB133'),
('STU1608126EAB134', '151601034', '0097647165', 'Harlan Isyafal Muzaki', 'L', '2009-07-24', 'CLS160811C981', 'BIO-STU1608126EAB134'),
('STU1608126EAB135', '151601035', '0093262662', 'Hilman Al Halipi', 'L', '2009-06-16', 'CLS160811C981', 'BIO-STU1608126EAB135'),
('STU1608126EAB136', '151601038', '0087087407', 'Juna Afgan Fabregas', 'L', '2008-08-08', 'CLS160811C981', 'BIO-STU1608126EAB136'),
('STU1608126EAB137', '151601041', '0099170013', 'Kanza Almira Balqis', 'P', '2009-07-08', 'CLS160811C981', 'BIO-STU1608126EAB137'),
('STU1608126EAB138', '151601046', '0092826052', 'Maula Zain Annafi', 'L', '2009-03-28', 'CLS160811C981', 'BIO-STU1608126EAB138'),
('STU1608126EAB139', '151601049', '0082656378', 'Muhammad Rifa', 'L', '2008-10-28', 'CLS160811C981', 'BIO-STU1608126EAB139'),
('STU1608126EAB14', '161701049', '', 'Muhammad Farel Aditama Putra', 'L', '2007-05-22', 'CLS1608118D89', 'BIO-STU1608126EAB14'),
('STU1608126EAB140', '151601047', '0092067474', 'Muhammad Aditya Hadi', 'L', '2009-03-24', 'CLS160811C981', 'BIO-STU1608126EAB140'),
('STU1608126EAB141', '151601045', '0085312827', 'M. Arief Syaifullah', 'L', '2008-10-07', 'CLS160811C981', 'BIO-STU1608126EAB141'),
('STU1608126EAB142', '151601050', '0083135097', 'Naaila Syafira', 'P', '2008-10-20', 'CLS160811C981', 'BIO-STU1608126EAB142'),
('STU1608126EAB143', '151601051', '0089771883', 'Nabila Eka Putri', 'P', '2008-12-04', 'CLS160811C981', 'BIO-STU1608126EAB143'),
('STU1608126EAB144', '151601052', '0092266131', 'Naralifa Kalisa', 'P', '2009-04-30', 'CLS160811C981', 'BIO-STU1608126EAB144'),
('STU1608126EAB145', '151601058', '0084444645', 'Rachma Azizah', 'P', '2008-08-26', 'CLS160811C981', 'BIO-STU1608126EAB145'),
('STU1608126EAB146', '151601059', '0093374342', 'Raisya Almira Juandika', 'P', '2009-02-23', 'CLS160811C981', 'BIO-STU1608126EAB146'),
('STU1608126EAB147', '151601069', '0098621619', 'Sigit Setya Gunawan', 'L', '2009-01-15', 'CLS160811C981', 'BIO-STU1608126EAB147'),
('STU1608126EAB148', '151601070', '0084660019', 'Syahla Ghina Haifa', 'P', '2008-10-22', 'CLS160811C981', 'BIO-STU1608126EAB148'),
('STU1608126EAB15', '161701053', '', 'Muhammad Zulfikar As - Sidiq', 'L', '2010-02-22', 'CLS1608118D89', 'BIO-STU1608126EAB15'),
('STU1608126EAB151', '141501001', '0071068858', 'Aisya Nadhira', 'P', '2007-10-08', 'CLS160811AC6D', 'BIO-STU1608126EAB151'),
('STU1608126EAB152', '141501002', '0084882253', 'Alifya Angelina', 'P', '2008-08-24', 'CLS160811AC6D', 'BIO-STU1608126EAB152'),
('STU1608126EAB153', '141501004', '0073002257', 'Anindya Fika Putri Septiadi', 'P', '2007-10-26', 'CLS160811AC6D', 'BIO-STU1608126EAB153'),
('STU1608126EAB154', '141501008', '0086138542', 'Arya Aptana Nurakhman', 'L', '2008-03-05', 'CLS160811AC6D', 'BIO-STU1608126EAB154'),
('STU1608126EAB155', '141501013', '0084469820', 'Azzahra Amelia Giovani', 'P', '2008-02-21', 'CLS160811AC6D', 'BIO-STU1608126EAB155'),
('STU1608126EAB156', '141501015', '0073630233', 'Earlyana Jasmine Wijatniko', 'P', '2007-11-10', 'CLS160811AC6D', 'BIO-STU1608126EAB156'),
('STU1608126EAB157', '141501022', '0075858928', 'Fannisa Reyhani', 'P', '2007-12-23', 'CLS160811AC6D', 'BIO-STU1608126EAB157'),
('STU1608126EAB158', '141501023', '0089146267', 'Fatikha Nurjannah', 'P', '2008-03-15', 'CLS160811AC6D', 'BIO-STU1608126EAB158'),
('STU1608126EAB159', '141501025', '0073107393', 'Ghailan Praditya Ramadhan', 'L', '2007-09-29', 'CLS160811AC6D', 'BIO-STU1608126EAB159'),
('STU1608126EAB16', '161701054', '', 'Nabilah Eka Sabrina', 'P', '2010-07-18', 'CLS1608118D89', 'BIO-STU1608126EAB16'),
('STU1608126EAB160', '141501026', '0084188019', 'Habibie Ibnu Imam', 'L', '2008-07-23', 'CLS160811AC6D', 'BIO-STU1608126EAB160'),
('STU1608126EAB161', '141501027', '0074310128', 'Harits Khusyu Abdillah', 'L', '2007-12-30', 'CLS160811AC6D', 'BIO-STU1608126EAB161'),
('STU1608126EAB162', '141501028', '0088240563', 'Ibrahimzhafi Maraoufi', 'L', '2008-07-29', 'CLS160811AC6D', 'BIO-STU1608126EAB162'),
('STU1608126EAB163', '141501030', '0086066448', 'Jazil Rizqi Faarih', 'L', '2008-07-05', 'CLS160811AC6D', 'BIO-STU1608126EAB163'),
('STU1608126EAB164', '141501032', '0074022286', 'Laura Oktaviola Vitri', 'P', '2007-10-29', 'CLS160811AC6D', 'BIO-STU1608126EAB164'),
('STU1608126EAB165', '14151039', '0084752064', 'Muhammad Azka Abbasy', 'L', '2008-01-08', 'CLS160811AC6D', 'BIO-STU1608126EAB165'),
('STU1608126EAB166', '141501035', '0084211415', 'Marsyalita Utari', 'P', '2008-03-21', 'CLS160811AC6D', 'BIO-STU1608126EAB166'),
('STU1608126EAB167', '141501037', '0083688927', 'Muchamad Fakhri Hamiz', 'L', '2008-03-29', 'CLS160811AC6D', 'BIO-STU1608126EAB167'),
('STU1608126EAB168', '141501050', '0088131459', 'Nadya Shafwah Salwatul ''Aisy', 'P', '2008-07-18', 'CLS160811AC6D', 'BIO-STU1608126EAB168'),
('STU1608126EAB169', '141501051', '0087963790', 'Nadya Zahira Arivani', 'P', '2008-06-20', 'CLS160811AC6D', 'BIO-STU1608126EAB169'),
('STU1608126EAB17', '161701058', '', 'Putra Dwi Yunarno', 'L', '2009-12-04', 'CLS1608118D89', 'BIO-STU1608126EAB17'),
('STU1608126EAB170', '141501054', '0086944606', 'Naufal Widi Alfaraby', 'L', '2008-04-03', 'CLS160811AC6D', 'BIO-STU1608126EAB170'),
('STU1608126EAB171', '141501055', '0086813868', 'Naura Ghaisani Wibowo', 'P', '2008-05-07', 'CLS160811AC6D', 'BIO-STU1608126EAB171'),
('STU1608126EAB172', '141501061', '0078835542', 'Raka Muhammad Adha', 'L', '2007-12-23', 'CLS160811AC6D', 'BIO-STU1608126EAB172'),
('STU1608126EAB173', '141501067', '0088091868', 'Syabilla Larasati Hafyan', 'P', '2008-07-08', 'CLS160811AC6D', 'BIO-STU1608126EAB173'),
('STU1608126EAB174', '141501066', '0089419568', 'Syifa'' Maulidina', 'P', '2008-03-31', 'CLS160811AC6D', 'BIO-STU1608126EAB174'),
('STU1608126EAB175', '141501071', '0084996066', 'Zahra Kirania Prastyani', 'P', '2008-01-30', 'CLS160811AC6D', 'BIO-STU1608126EAB175'),
('STU1608126EAB176', '141501005', '0081207546', 'An''nisa Maulidda', 'P', '2008-03-08', 'CLS160812FBF0', 'BIO-STU1608126EAB176'),
('STU1608126EAB177', '141501006', '0085113859', 'Apridah Qiamulail', 'P', '2008-04-21', 'CLS160812FBF0', 'BIO-STU1608126EAB177'),
('STU1608126EAB178', '141501007', '0081816226', 'Aqilla Wulandari', 'P', '2008-08-16', 'CLS160812FBF0', 'BIO-STU1608126EAB178'),
('STU1608126EAB179', '141501010', '0083845091', 'Aulia Rahma Nayla', 'P', '2008-05-16', 'CLS160812FBF0', 'BIO-STU1608126EAB179'),
('STU1608126EAB18', '161701060', '', 'Ranindya Almira', 'P', '2009-07-20', 'CLS1608118D89', 'BIO-STU1608126EAB18'),
('STU1608126EAB180', '141501009', '0084625598', 'Athaya Khalisah Putri', 'P', '2008-08-03', 'CLS160812FBF0', 'BIO-STU1608126EAB180'),
('STU1608126EAB181', '141501011', '0085618885', 'Azhar Apriza Sutisna', 'L', '2008-04-10', 'CLS160812FBF0', 'BIO-STU1608126EAB181'),
('STU1608126EAB182', '141501016', '0088224593', 'Eka Putri Triantari', 'P', '2008-06-05', 'CLS160812FBF0', 'BIO-STU1608126EAB182'),
('STU1608126EAB183', '141501017', '0085255661', 'Elfaliana', 'P', '2008-02-06', 'CLS160812FBF0', 'BIO-STU1608126EAB183'),
('STU1608126EAB184', '141501018', '0082137238', 'Fadhil Azis Winata', 'L', '2008-04-14', 'CLS160812FBF0', 'BIO-STU1608126EAB184'),
('STU1608126EAB185', '141501021', '0071342597', 'Faisal Akbar Ardiansyah', 'L', '2007-10-10', 'CLS160812FBF0', 'BIO-STU1608126EAB185'),
('STU1608126EAB186', '141501029', '0086074175', 'Isyfalana Febrian', 'L', '2008-02-05', 'CLS160812FBF0', 'BIO-STU1608126EAB186'),
('STU1608126EAB187', '141501030', '0075381111', 'Muhammad Abrizam Surya Ramadhan', 'L', '2007-09-22', 'CLS160812FBF0', 'BIO-STU1608126EAB187'),
('STU1608126EAB188', '141501042', '0086728712', 'Muhammad Farras Hauzanul Haq', 'L', '2008-06-09', 'CLS160812FBF0', 'BIO-STU1608126EAB188'),
('STU1608126EAB189', '141501042', '0081743821', 'Muhammad Fauzan Alfarisi', 'L', '2008-03-09', 'CLS160812FBF0', 'BIO-STU1608126EAB189'),
('STU1608126EAB19', '161701065', '', 'Satya Wiguna', 'L', '2009-12-31', 'CLS1608118D89', 'BIO-STU1608126EAB19'),
('STU1608126EAB191', '131401036', '0079557219', 'Muhammad Rafi Ramadhan', 'L', '2007-10-03', 'CLS160812FBF0', 'BIO-STU1608126EAB191'),
('STU1608126EAB192', '141507044', '0081185354', 'Muhammad Rafli Abdul Aziz', 'L', '2008-01-29', 'CLS160812FBF0', 'BIO-STU1608126EAB192'),
('STU1608126EAB193', '141501047', '0085582259', 'Muhammad Zidan Hafidz Annaufal', 'L', '2008-03-09', 'CLS160812FBF0', 'BIO-STU1608126EAB193'),
('STU1608126EAB194', '141501049', '0087388674', 'Nadila Wati Rachmat', 'P', '2008-04-14', 'CLS160812FBF0', 'BIO-STU1608126EAB194'),
('STU1608126EAB195', '141501052', '0085189355', 'Nafis Arifky Amadea', 'L', '2008-09-20', 'CLS160812FBF0', 'BIO-STU1608126EAB195'),
('STU1608126EAB196', '141501058', '0087992907', 'Putra Jaya Janitra', 'L', '2008-05-04', 'CLS160812FBF0', 'BIO-STU1608126EAB196'),
('STU1608126EAB197', '141501060', '0083506078', 'Raissa Putri Bachtiar', 'P', '2008-03-22', 'CLS160812FBF0', 'BIO-STU1608126EAB197'),
('STU1608126EAB198', '141501063', '0073821128', 'Revasha Fitri Devani', 'P', '2007-10-11', 'CLS160812FBF0', 'BIO-STU1608126EAB198'),
('STU1608126EAB199', '141501068', '0086391373', 'Syifa Aruna Gantari', 'P', '2008-06-27', 'CLS160812FBF0', 'BIO-STU1608126EAB199'),
('STU1608126EAB2', '161701018', '', 'Ardrakynan Alkina Argo', 'L', '2009-12-29', 'CLS1608118D89', 'BIO-STU1608126EAB2'),
('STU1608126EAB20', '161701068', '', 'Syifa Avrilia Putri', 'P', '2010-04-01', 'CLS1608118D89', 'BIO-STU1608126EAB20'),
('STU1608126EAB200', '141501070', '0089490866', 'Vargas Alvianizar Rozzaku', 'L', '2008-03-29', 'CLS160812FBF0', 'BIO-STU1608126EAB200'),
('STU1608126EAB201', '141501072', '0081508227', 'Zaid Sultan Azzaki Muriadi', 'L', '2008-07-04', 'CLS160812FBF0', 'BIO-STU1608126EAB201'),
('STU1608126EAB202', '141501003', '0082271599', 'Ananta Saidah', 'P', '2008-05-13', 'CLS16081217B6', 'BIO-STU1608126EAB202'),
('STU1608126EAB203', '141501012', '0088938106', 'Azriel Aqila Hanif', 'L', '2008-07-04', 'CLS16081217B6', 'BIO-STU1608126EAB203'),
('STU1608126EAB204', '141501014', '0078013055', 'Dinda Tiara Dewi', 'P', '2007-08-04', 'CLS16081217B6', 'BIO-STU1608126EAB204'),
('STU1608126EAB205', '141501019', '0086893312', 'Fadhli Ramadhan', 'L', '2007-09-13', 'CLS16081217B6', 'BIO-STU1608126EAB205'),
('STU1608126EAB206', '141501040', '0088391905', 'Muhammad Fahrezi Nuralim', 'L', '2008-07-03', 'CLS16081217B6', 'BIO-STU1608126EAB206'),
('STU1608126EAB207', '141501034', '0071039953', 'M. Rizqi Dwi Putra', 'L', '2007-12-06', 'CLS16081217B6', 'BIO-STU1608126EAB207'),
('STU1608126EAB208', '141501046', '0081770313', 'Muhammad Wildan Andipratama', 'L', '2008-03-20', 'CLS16081217B6', 'BIO-STU1608126EAB208'),
('STU1608126EAB209', '141501036', '0086574010', 'Moh. Zuhro Aji Saputro', 'L', '2008-02-12', 'CLS16081217B6', 'BIO-STU1608126EAB209'),
('STU1608126EAB21', '161701070', '', 'Talita Zalfa Azhar', 'P', '2009-08-22', 'CLS1608118D89', 'BIO-STU1608126EAB21'),
('STU1608126EAB210', '141501048', '0081994739', 'Nadhira Asita Zahra', 'P', '2008-01-07', 'CLS16081217B6', 'BIO-STU1608126EAB210'),
('STU1608126EAB211', '141501056', '0085177111', 'Nisrina Hasna Ardianti Putri', 'P', '2008-06-23', 'CLS16081217B6', 'BIO-STU1608126EAB211'),
('STU1608126EAB212', '141501059', '0079411369', 'Raffi Achmad Fachreza', 'L', '2007-07-07', 'CLS16081217B6', 'BIO-STU1608126EAB212'),
('STU1608126EAB213', '141501062', '0071172639', 'Revano Rizkia Eryanto', 'P', '2007-07-06', 'CLS16081217B6', 'BIO-STU1608126EAB213'),
('STU1608126EAB214', '141501064', '0084711529', 'Rizqi Ahmad Albana', 'L', '2008-07-11', 'CLS16081217B6', 'BIO-STU1608126EAB214'),
('STU1608126EAB215', '141501065', '0073277505', 'Saddam Pandita Akil Kurniawan', 'L', '2007-10-23', 'CLS16081217B6', 'BIO-STU1608126EAB215'),
('STU1608126EAB216', '141501069', '0089197315', 'Syifa Elisia Nur Faizah', 'P', '2008-01-28', 'CLS16081217B6', 'BIO-STU1608126EAB216'),
('STU1608126EAB217', '131401006', '0073399791', 'Ananda Zahra Amelia', 'P', '2007-11-19', 'CLS160811103B', 'BIO-STU1608126EAB217'),
('STU1608126EAB218', '131401066', '0075770278', 'Cheryllova Valdera', 'P', '2007-07-02', 'CLS160811103B', 'BIO-STU1608126EAB218'),
('STU1608126EAB219', '131401011', '0079191496', 'Daffa Albani Hakim', 'L', '2007-08-15', 'CLS160811103B', 'BIO-STU1608126EAB219'),
('STU1608126EAB22', '161701071', '', 'Tara Nabilah Haryanto', 'P', '2010-01-23', 'CLS1608118D89', 'BIO-STU1608126EAB22'),
('STU1608126EAB220', '131401021', '0072337968', 'Fathia Rahma Azzahra', 'P', '2007-06-11', 'CLS160811103B', 'BIO-STU1608126EAB220'),
('STU1608126EAB221', '131401022', '0073545752', 'Fathir Aththur Fahrezi', 'L', '2007-11-18', 'CLS160811103B', 'BIO-STU1608126EAB221'),
('STU1608126EAB222', '131401026', '0073972185', 'Kania Indra Ramadhani', 'P', '2007-09-13', 'CLS160811103B', 'BIO-STU1608126EAB222'),
('STU1608126EAB223', '151601042', '0082539571', 'Karisa Novianti', 'P', '2008-11-03', 'CLS160811103B', 'BIO-STU1608126EAB223'),
('STU1608126EAB224', '131401028', '0074906928', 'Kayla Aghniya Putri', 'P', '2007-08-04', 'CLS160811103B', 'BIO-STU1608126EAB224'),
('STU1608126EAB225', '131401030', '0072710677', 'Muhammad Ahnaf Hafizh Hanafi', 'L', '2007-09-04', 'CLS160811103B', 'BIO-STU1608126EAB225'),
('STU1608126EAB226', '131401032', '0077611351', 'Muhammad Fauzan Hadiputra', 'L', '2007-05-15', 'CLS160811103B', 'BIO-STU1608126EAB226'),
('STU1608126EAB227', '131401037', '0078918148', 'Muhammad Risyad Ramdhani', 'L', '2007-10-02', 'CLS160811103B', 'BIO-STU1608126EAB227'),
('STU1608126EAB228', '131401038', '0074296230', 'Muhammad Syarifudin Syahid', 'L', '2007-06-17', 'CLS160811103B', 'BIO-STU1608126EAB228'),
('STU1608126EAB229', '131401029', '0069352325', 'Marsya Nuramalia Ramadhani', 'P', '2006-10-22', 'CLS160811103B', 'BIO-STU1608126EAB229'),
('STU1608126EAB23', '161701072', '', 'Tiara Anandita Putri', 'P', '2009-11-20', 'CLS1608118D89', 'BIO-STU1608126EAB23'),
('STU1608126EAB230', '131401041', '0066433765', 'Nabila Zahra Indriani', 'P', '2006-11-09', 'CLS160811103B', 'BIO-STU1608126EAB230'),
('STU1608126EAB231', '131401044', '0076281062', 'Najwa Rahmatunnissa', 'P', '2007-01-04', 'CLS160811103B', 'BIO-STU1608126EAB231'),
('STU1608126EAB232', '141501067', '0071928991', 'Nayla Rahma Syakieb', 'P', '2007-03-09', 'CLS160811103B', 'BIO-STU1608126EAB232'),
('STU1608126EAB233', '131401046', '0072558067', 'Nazwa Isya Aiswara', 'P', '2007-06-04', 'CLS160811103B', 'BIO-STU1608126EAB233'),
('STU1608126EAB234', '131401047', '0069997602', 'Nugroho Wisnuaji', 'L', '2006-09-07', 'CLS160811103B', 'BIO-STU1608126EAB234'),
('STU1608126EAB235', '141502005', '0074944267', 'Raisya Amanda Ramadhani', 'P', '2007-10-09', 'CLS160811103B', 'BIO-STU1608126EAB235'),
('STU1608126EAB236', '131401056', '0072402167', 'Raya Asyifa Nurjanah', 'P', '2007-05-16', 'CLS160811103B', 'BIO-STU1608126EAB236'),
('STU1608126EAB237', '131401063', '0074542899', 'Syalu Kanza Az-Zahra', 'P', '2007-08-04', 'CLS160811103B', 'BIO-STU1608126EAB237'),
('STU1608126EAB238', '131401065', '0074406998', 'Zelfia Zulina Eka Putri', 'P', '2007-07-20', 'CLS160811103B', 'BIO-STU1608126EAB238'),
('STU1608126EAB239', '131401005', '0062959925', 'Alpina Rifqi Giffari', 'L', '2006-11-18', 'CLS160811B9E1', 'BIO-STU1608126EAB239'),
('STU1608126EAB24', '161701073', '', 'Zahra Altha Callysta', 'P', '2010-02-22', 'CLS1608118D89', 'BIO-STU1608126EAB24'),
('STU1608126EAB240', '121301007', '0063257408', 'Annida Nailah Putri Salsabila', 'P', '2006-06-14', 'CLS160811B9E1', 'BIO-STU1608126EAB240'),
('STU1608126EAB241', '131401008', '0074512272', 'Arief Hidayat', 'L', '2007-05-06', 'CLS160811B9E1', 'BIO-STU1608126EAB241'),
('STU1608126EAB242', '141502001', '0079439041', 'Billie Agatha', 'L', '2007-03-01', 'CLS160811B9E1', 'BIO-STU1608126EAB242'),
('STU1608126EAB243', '131401012', '0077542135', 'Daffa Rafi Athalla', 'L', '2007-04-24', 'CLS160811B9E1', 'BIO-STU1608126EAB243'),
('STU1608126EAB244', '131401015', '0066937573', 'Dimas Wahyudi', 'L', '2006-09-01', 'CLS160811B9E1', 'BIO-STU1608126EAB244'),
('STU1608126EAB245', '131401017', '0063363010', 'Fadillah Risqi Ramadhani', 'P', '2006-09-10', 'CLS160811B9E1', 'BIO-STU1608126EAB245'),
('STU1608126EAB246', '131401018', '0078345389', 'Fairus Rahma Putri', 'P', '2007-03-23', 'CLS160811B9E1', 'BIO-STU1608126EAB246'),
('STU1608126EAB247', '131401020', '0068466792', 'Fathi Rizqullah', 'L', '2006-07-18', 'CLS160811B9E1', 'BIO-STU1608126EAB247'),
('STU1608126EAB248', '131401023', '0076527944', 'Fatih Muiz Lidinillah', 'L', '2007-12-25', 'CLS160811B9E1', 'BIO-STU1608126EAB248'),
('STU1608126EAB249', '131401024', '0072508811', 'Irgi Bayu Arizky', 'L', '2007-08-07', 'CLS160811B9E1', 'BIO-STU1608126EAB249'),
('STU1608126EAB25', '161701001', '', 'Abrar Iftikhar Sedayu', 'L', '2010-05-06', 'CLS160811A43F', 'BIO-STU1608126EAB25'),
('STU1608126EAB250', '131401033', '0071327652', 'Muhammad Febriansyah', 'L', '2007-02-12', 'CLS160811B9E1', 'BIO-STU1608126EAB250'),
('STU1608126EAB251', '151603002', '131401036', 'M. Habibi', 'L', '2007-02-18', 'CLS160811B9E1', 'BIO-STU1608126EAB251'),
('STU1608126EAB252', '131401036', '0079557219', 'Muhammad Rafi Ramadhan', 'L', '2007-10-03', 'CLS160811B9E1', 'BIO-STU1608126EAB252'),
('STU1608126EAB253', '151603011', '0076855956', 'Nada Azkamellia Sultoni', 'P', '2007-08-27', 'CLS160811B9E1', 'BIO-STU1608126EAB253'),
('STU1608126EAB254', '131401053', '0079900447', 'Raga Affan Negritus', 'L', '2007-03-04', 'CLS160811B9E1', 'BIO-STU1608126EAB254'),
('STU1608126EAB255', '131401055', '0072952873', 'Rasya Bintang Priyanto', 'L', '2007-08-14', 'CLS160811B9E1', 'BIO-STU1608126EAB255'),
('STU1608126EAB256', '131401058', '0061051937', 'Rizky Rasya Ramadhan', 'L', '2006-10-09', 'CLS160811B9E1', 'BIO-STU1608126EAB256'),
('STU1608126EAB257', '131401059', '0073669306', 'Rovanna Habibah Yosiputri', 'P', '2007-08-17', 'CLS160811B9E1', 'BIO-STU1608126EAB257'),
('STU1608126EAB258', '141502005', '0053218596', 'Zen Analis Khonsa', 'P', '2005-06-16', 'CLS160811B9E1', 'BIO-STU1608126EAB258'),
('STU1608126EAB26', '161701002', '', 'Adam Putra Hadi Ar Rasyid', 'L', '2010-07-03', 'CLS160811A43F', 'BIO-STU1608126EAB26'),
('STU1608126EAB27', '161701003', '', 'Affan Rasyid Tegar Nurrulhaq', 'L', '2009-08-05', 'CLS160811A43F', 'BIO-STU1608126EAB27'),
('STU1608126EAB28', '161701006', '', 'Agi Aditya Al Hafiz', 'L', '2010-06-19', 'CLS160811A43F', 'BIO-STU1608126EAB28'),
('STU1608126EAB29', '161701007', '', 'Agnayesha Aqeela Firdausy', 'P', '2009-10-03', 'CLS160811A43F', 'BIO-STU1608126EAB29'),
('STU1608126EAB3', '161701021', '', 'Avissina Rosyadi', 'L', '2010-03-09', 'CLS1608118D89', 'BIO-STU1608126EAB3'),
('STU1608126EAB30', '161701009', '', 'Alif Irham Alfarizi', 'L', '2010-02-06', 'CLS160811A43F', 'BIO-STU1608126EAB30'),
('STU1608126EAB31', '161701010', '', 'Alifia Nurwidia Safitri', 'P', '2010-05-08', 'CLS160811A43F', 'BIO-STU1608126EAB31'),
('STU1608126EAB32', '161701013', '', 'Ameraldi Syafriwisnu', 'L', '2009-06-16', 'CLS160811A43F', 'BIO-STU1608126EAB32'),
('STU1608126EAB33', '161701014', '', 'Amira Maritza Zarka', 'P', '2009-08-12', 'CLS160811A43F', 'BIO-STU1608126EAB33'),
('STU1608126EAB34', '161701015', '', 'Ammar Muzakky Al-Hafshy', 'L', '2010-05-28', 'CLS160811A43F', 'BIO-STU1608126EAB34'),
('STU1608126EAB35', '161701017', '', 'Anindya Citra Tanaya ', 'P', '2010-02-20', 'CLS160811A43F', 'BIO-STU1608126EAB35'),
('STU1608126EAB36', '161701022', '', 'Azalia Maritza Zarka', 'P', '2009-08-11', 'CLS160811A43F', 'BIO-STU1608126EAB36'),
('STU1608126EAB37', '161701023', '', 'Carissa Cahyaningrum', 'P', '2009-08-09', 'CLS160811A43F', 'BIO-STU1608126EAB37'),
('STU1608126EAB38', '161701028', '', 'Dzalifa Al Zahira', 'P', '2010-01-19', 'CLS160811A43F', 'BIO-STU1608126EAB38'),
('STU1608126EAB39', '161701031', '', 'Fauzan Arjuna Wibawa', 'L', '2009-10-14', 'CLS160811A43F', 'BIO-STU1608126EAB39'),
('STU1608126EAB4', '161701024', '', 'Davia Restu Safitri', 'P', '2009-09-20', 'CLS1608118D89', 'BIO-STU1608126EAB4'),
('STU1608126EAB40', '161701032', '', 'Gadiza Almira Suhendra', 'P', '2010-03-10', 'CLS160811A43F', 'BIO-STU1608126EAB40'),
('STU1608126EAB41', '161701038', '', 'Janeeta Djenar Askana', 'P', '2010-06-27', 'CLS160811A43F', 'BIO-STU1608126EAB41'),
('STU1608126EAB42', '161701042', '', 'Kirana Marfa Aurellia Nugraha', 'P', '2009-11-24', 'CLS160811A43F', 'BIO-STU1608126EAB42'),
('STU1608126EAB43', '161701047', '', 'Muhammad Esfandiar Ahura Mazda', 'L', '2009-11-28', 'CLS160811A43F', 'BIO-STU1608126EAB43'),
('STU1608126EAB44', '161701050', '', 'Muhammad Haffiez Rayya Ramadhan Shiddiq', 'L', '2009-09-15', 'CLS160811A43F', 'BIO-STU1608126EAB44'),
('STU1608126EAB45', '161701055', '', 'Naeva Qaidah Indrani Jaya', 'P', '2009-09-14', 'CLS160811A43F', 'BIO-STU1608126EAB45'),
('STU1608126EAB46', '161701057', '', 'Nurhanifah Salsabila', 'P', '2010-07-02', 'CLS160811A43F', 'BIO-STU1608126EAB46'),
('STU1608126EAB47', '161701059', '', 'Rahmah Junisa Zahira', 'P', '2010-06-12', 'CLS160811A43F', 'BIO-STU1608126EAB47'),
('STU1608126EAB48', '161701066', '', 'Sultan Xavy Hernandez Hesaha', 'L', '2010-02-15', 'CLS160811A43F', 'BIO-STU1608126EAB48'),
('STU1608126EAB49', '161701067', '', 'Syaffa Ainun Azzahra', 'P', '2010-04-05', 'CLS160811A43F', 'BIO-STU1608126EAB49'),
('STU1608126EAB5', '161701025', '', 'Devano Haryodenta', 'L', '2010-05-01', 'CLS1608118D89', 'BIO-STU1608126EAB5'),
('STU1608126EAB50', '161701004', '', 'Afiqah Mrdhatillah', 'P', '2010-02-03', 'CLS1608129313', 'BIO-STU1608126EAB50'),
('STU1608126EAB51', '161701005', '', 'Aflah Abidin Rangga ', 'L', '2010-07-20', 'CLS1608129313', 'BIO-STU1608126EAB51'),
('STU1608126EAB52', '161701012', '', 'Amanda Raisa Dewi', 'P', '2009-10-03', 'CLS1608129313', 'BIO-STU1608126EAB52'),
('STU1608126EAB53', '161701016', '', 'Anargya Rahadatul''aisy Kaswanto', 'P', '2010-01-03', 'CLS1608129313', 'BIO-STU1608126EAB53'),
('STU1608126EAB54', '161701019', '', 'Arka Kiandra Setiawan', 'L', '2010-06-09', 'CLS1608129313', 'BIO-STU1608126EAB54'),
('STU1608126EAB55', '161701020', '', 'Atikah Dzakia Luthfiyyah Putri', 'P', '2010-03-30', 'CLS1608129313', 'BIO-STU1608126EAB55'),
('STU1608126EAB56', '161701026', '', 'Devra Nanty Aura Gumilar', 'P', '2009-11-30', 'CLS1608129313', 'BIO-STU1608126EAB56'),
('STU1608126EAB57', '161701029', '', 'Faqih Syahdan Finanda', 'L', '2010-01-25', 'CLS1608129313', 'BIO-STU1608126EAB57'),
('STU1608126EAB58', '161701034', '', 'Hanifah Makayla Fakhirah', 'P', '2009-10-22', 'CLS1608129313', 'BIO-STU1608126EAB58'),
('STU1608126EAB59', '161701035', '', 'Hegmer Wira Permana', 'L', '2009-10-13', 'CLS1608129313', 'BIO-STU1608126EAB59'),
('STU1608126EAB6', '161701027', '', 'Dimas Saputra', 'L', '2009-06-10', 'CLS1608118D89', 'BIO-STU1608126EAB6'),
('STU1608126EAB60', '161701037', '', 'Indana Alila Dwi Syahsiyah', 'P', '2010-04-15', 'CLS1608129313', 'BIO-STU1608126EAB60'),
('STU1608126EAB61', '161701039', '', 'Janulia Muharromi Sandi', 'L', '2010-01-02', 'CLS1608129313', 'BIO-STU1608126EAB61'),
('STU1608126EAB62', '161701040', '', 'Kaisah Noor Muslimah', 'P', '2010-05-18', 'CLS1608129313', 'BIO-STU1608126EAB62'),
('STU1608126EAB63', '161701048', '', 'Muhamad Faqiih Syaihan H', 'L', '2009-12-03', 'CLS1608129313', 'BIO-STU1608126EAB63'),
('STU1608126EAB64', '161701046', '', 'Muhammad Adlan Al Fath', 'L', '1900-01-00', 'CLS1608129313', 'BIO-STU1608126EAB64'),
('STU1608126EAB65', '161701051', '', 'Muhammad Kevin Ramadhan', 'L', '2009-09-17', 'CLS1608129313', 'BIO-STU1608126EAB65'),
('STU1608126EAB66', '161701052', '', 'Muhamad Wildan Arkanul Azmi', 'L', '2009-08-05', 'CLS1608129313', 'BIO-STU1608126EAB66'),
('STU1608126EAB67', '161701056', '', 'Nafisah Hana Zhufaira', 'P', '2010-07-03', 'CLS1608129313', 'BIO-STU1608126EAB67'),
('STU1608126EAB68', '161701061', '', 'Ririh Auliya Rizqi', 'P', '2010-02-11', 'CLS1608129313', 'BIO-STU1608126EAB68'),
('STU1608126EAB69', '161701062', '', 'Rizky Aditya Pratama', 'L', '2009-10-12', 'CLS1608129313', 'BIO-STU1608126EAB69'),
('STU1608126EAB7', '161701030', '', 'Fariha Khoirunnisa', 'P', '2009-08-18', 'CLS1608118D89', 'BIO-STU1608126EAB7'),
('STU1608126EAB70', '161701063', '', 'Salman Alfarizi', 'L', '2010-07-13', 'CLS1608129313', 'BIO-STU1608126EAB70'),
('STU1608126EAB71', '161701064', '', 'Salwa Salsabila', 'P', '2009-12-30', 'CLS1608129313', 'BIO-STU1608126EAB71'),
('STU1608126EAB72', '161701069', '', 'Syifa Nuraini', 'P', '2009-10-12', 'CLS1608129313', 'BIO-STU1608126EAB72'),
('STU1608126EAB73', '161701074', '', 'Zaskya Hadiputri', 'P', '2009-12-12', 'CLS1608129313', 'BIO-STU1608126EAB73'),
('STU1608126EAB74', '151601004', '0096080348', 'Afifah Noor Muslimah', 'P', '2009-05-06', 'CLS160811C9F5', 'BIO-STU1608126EAB74'),
('STU1608126EAB75', '151601006', '0088826419', 'Ahmad Zhakri', 'L', '2008-12-06', 'CLS160811C9F5', 'BIO-STU1608126EAB75'),
('STU1608126EAB76', '151601009', '0081439198', 'Alvino Faizan Abidzar Abimanyu', 'L', '2008-12-25', 'CLS160811C9F5', 'BIO-STU1608126EAB76'),
('STU1608126EAB77', '151601011', '0097647522', 'Arshavin Rasydan Arqan', 'L', '2009-06-24', 'CLS160811C9F5', 'BIO-STU1608126EAB77'),
('STU1608126EAB78', '151601015', '0093501394', 'Auryn Hermawan', 'P', '2009-03-27', 'CLS160811C9F5', 'BIO-STU1608126EAB78'),
('STU1608126EAB79', '151601030', '0098864946', 'Ghevira Khumaira Zanira', 'P', '2009-05-22', 'CLS160811C9F5', 'BIO-STU1608126EAB79'),
('STU1608126EAB8', '161701033', '', 'Ghina Zalfa Salsabilla', 'P', '2010-06-18', 'CLS1608118D89', 'BIO-STU1608126EAB8'),
('STU1608126EAB80', '151601031', '0084673953', 'Hafidh Daffa Pratama', 'L', '2008-08-08', 'CLS160811C9F5', 'BIO-STU1608126EAB80'),
('STU1608126EAB81', '151601032', '0096600564', 'Hafizh Al Fattah', 'L', '2009-03-18', 'CLS160811C9F5', 'BIO-STU1608126EAB81'),
('STU1608126EAB82', '151601033', '0092662556', 'Hafizh Arkana Firzatullah', 'L', '2009-07-14', 'CLS160811C9F5', 'BIO-STU1608126EAB82'),
('STU1608126EAB83', '151601037', '0098710780', 'Inaya Putri', 'P', '2009-05-05', 'CLS160811C9F5', 'BIO-STU1608126EAB83'),
('STU1608126EAB84', '151601039', '0085127295', 'Kafkah Nafisatul Aulia', 'P', '2008-10-02', 'CLS160811C9F5', 'BIO-STU1608126EAB84'),
('STU1608126EAB85', '151601048', '0089875915', 'Muhammad Luthfi Nurachman', 'L', '2008-07-28', 'CLS160811C9F5', 'BIO-STU1608126EAB85'),
('STU1608126EAB86', '151601053', '0081880511', 'Nasywa Athifa Izzati', 'P', '2008-10-24', 'CLS160811C9F5', 'BIO-STU1608126EAB86'),
('STU1608126EAB87', '151601054', '0097258846', 'Nazwa Juniar Putri', 'P', '2009-06-05', 'CLS160811C9F5', 'BIO-STU1608126EAB87'),
('STU1608126EAB88', '151601055', '0093332912', 'Novia Dyahreni Rahmania', 'P', '2009-05-23', 'CLS160811C9F5', 'BIO-STU1608126EAB88'),
('STU1608126EAB89', '151601056', '0085486087', 'Nurtalita Indriaswari Wibowo', 'P', '2008-11-28', 'CLS160811C9F5', 'BIO-STU1608126EAB89'),
('STU1608126EAB9', '161701036', '', 'Ilham Khalil Zaki', 'L', '2009-09-28', 'CLS1608118D89', 'BIO-STU1608126EAB9'),
('STU1608126EAB90', '151601057', '0084245542', 'Putri Jasmine Az-Zahra Ramadhani', 'P', '2008-09-18', 'CLS160811C9F5', 'BIO-STU1608126EAB90'),
('STU1608126EAB91', '151601061', '0099901005', 'Ratriningtyas Rifka Anggraeni', 'P', '2009-03-06', 'CLS160811C9F5', 'BIO-STU1608126EAB91'),
('STU1608126EAB92', '151601064', '0081218940', 'Rinjani Khairunnisa', 'P', '2008-11-24', 'CLS160811C9F5', 'BIO-STU1608126EAB92'),
('STU1608126EAB93', '151601066', '0099508615', 'Sachiko Kirani Putri', 'P', '2009-01-29', 'CLS160811C9F5', 'BIO-STU1608126EAB93'),
('STU1608126EAB94', '151601068', '0084405313', 'Salwa Ardina Khoirun Nisa', 'P', '2008-10-29', 'CLS160811C9F5', 'BIO-STU1608126EAB94'),
('STU1608126EAB95', '151601071', '0093189143', 'Talitha Masyithah Anaqoh', 'P', '2009-01-30', 'CLS160811C9F5', 'BIO-STU1608126EAB95'),
('STU1608126EAB96', '151601072', '0087653304', 'Tegas Aziz Khawarizmi', 'L', '2008-01-20', 'CLS160811C9F5', 'BIO-STU1608126EAB96'),
('STU1608126EAB97', '151601073', '0099813325', 'Wadhia Aqila Arif', 'P', '2009-03-21', 'CLS160811C9F5', 'BIO-STU1608126EAB97'),
('STU1608126EAB98', '151601074', '0083956452', 'Zulaikha Nur''Azizah', 'P', '2008-12-10', 'CLS160811C9F5', 'BIO-STU1608126EAB98'),
('STU1608126EAB99', '151601001', '0083491941', 'Adhwa Zulfanisa Adiharja', 'P', '2008-10-19', 'CLS160811EFDD', 'BIO-STU1608126EAB99'),
('STU1608166120', '161608001', '', 'tess', 'L', '2012-02-01', 'CLS1608118D89', 'BIO-STU1608166120');

-- --------------------------------------------------------

--
-- Table structure for table `stu_absen_ci`
--

CREATE TABLE IF NOT EXISTS `stu_absen_ci` (
  `id_absen` varchar(30) NOT NULL,
  `id_reg` varchar(30) NOT NULL,
  `id_stu` varchar(30) NOT NULL,
  `kd_absen` varchar(2) NOT NULL,
  `tgl_input` date NOT NULL,
  `materi` text NOT NULL
) ENGINE=InnoDB DEFAULT CHARSET=latin1;

--
-- Dumping data for table `stu_absen_ci`
--

INSERT INTO `stu_absen_ci` (`id_absen`, `id_reg`, `id_stu`, `kd_absen`, `tgl_input`, `materi`) VALUES
('ABS-STU16081531580', 'REG-TCH-PEL16081509C29', 'STU1608126EAB239', '1', '2016-08-15', 'Materi 1\r\n'),
('ABS-STU16081531581', 'REG-TCH-PEL16081509C29', 'STU1608126EAB240', '1', '2016-08-15', 'Materi 1\r\n'),
('ABS-STU160815315810', 'REG-TCH-PEL16081509C29', 'STU1608126EAB249', '2', '2016-08-15', 'Materi 1\r\n'),
('ABS-STU160815315811', 'REG-TCH-PEL16081509C29', 'STU1608126EAB250', '3', '2016-08-15', 'Materi 1\r\n'),
('ABS-STU160815315812', 'REG-TCH-PEL16081509C29', 'STU1608126EAB251', '1', '2016-08-15', 'Materi 1\r\n'),
('ABS-STU160815315813', 'REG-TCH-PEL16081509C29', 'STU1608126EAB252', '1', '2016-08-15', 'Materi 1\r\n'),
('ABS-STU160815315814', 'REG-TCH-PEL16081509C29', 'STU1608126EAB253', '1', '2016-08-15', 'Materi 1\r\n'),
('ABS-STU160815315815', 'REG-TCH-PEL16081509C29', 'STU1608126EAB254', '4', '2016-08-15', 'Materi 1\r\n'),
('ABS-STU160815315816', 'REG-TCH-PEL16081509C29', 'STU1608126EAB255', '1', '2016-08-15', 'Materi 1\r\n'),
('ABS-STU160815315817', 'REG-TCH-PEL16081509C29', 'STU1608126EAB256', '1', '2016-08-15', 'Materi 1\r\n'),
('ABS-STU16081531582', 'REG-TCH-PEL16081509C29', 'STU1608126EAB241', '1', '2016-08-15', 'Materi 1\r\n'),
('ABS-STU16081531583', 'REG-TCH-PEL16081509C29', 'STU1608126EAB242', '1', '2016-08-15', 'Materi 1\r\n'),
('ABS-STU16081531584', 'REG-TCH-PEL16081509C29', 'STU1608126EAB243', '1', '2016-08-15', 'Materi 1\r\n'),
('ABS-STU16081531585', 'REG-TCH-PEL16081509C29', 'STU1608126EAB244', '1', '2016-08-15', 'Materi 1\r\n'),
('ABS-STU16081531586', 'REG-TCH-PEL16081509C29', 'STU1608126EAB245', '1', '2016-08-15', 'Materi 1\r\n'),
('ABS-STU16081531587', 'REG-TCH-PEL16081509C29', 'STU1608126EAB246', '1', '2016-08-15', 'Materi 1\r\n'),
('ABS-STU16081531588', 'REG-TCH-PEL16081509C29', 'STU1608126EAB247', '1', '2016-08-15', 'Materi 1\r\n'),
('ABS-STU16081531589', 'REG-TCH-PEL16081509C29', 'STU1608126EAB248', '1', '2016-08-15', 'Materi 1\r\n'),
('ABS-STU1608153FE30', 'REG-TCH-PEL160815351F3', 'STU1608126EAB124', '1', '2016-08-15', 'Materi 1'),
('ABS-STU1608153FE31', 'REG-TCH-PEL160815351F3', 'STU1608126EAB125', '1', '2016-08-15', 'Materi 1'),
('ABS-STU1608153FE310', 'REG-TCH-PEL160815351F3', 'STU1608126EAB135', '1', '2016-08-15', 'Materi 1'),
('ABS-STU1608153FE311', 'REG-TCH-PEL160815351F3', 'STU1608126EAB136', '1', '2016-08-15', 'Materi 1'),
('ABS-STU1608153FE312', 'REG-TCH-PEL160815351F3', 'STU1608126EAB137', '1', '2016-08-15', 'Materi 1'),
('ABS-STU1608153FE313', 'REG-TCH-PEL160815351F3', 'STU1608126EAB138', '1', '2016-08-15', 'Materi 1'),
('ABS-STU1608153FE314', 'REG-TCH-PEL160815351F3', 'STU1608126EAB139', '1', '2016-08-15', 'Materi 1'),
('ABS-STU1608153FE315', 'REG-TCH-PEL160815351F3', 'STU1608126EAB140', '1', '2016-08-15', 'Materi 1'),
('ABS-STU1608153FE316', 'REG-TCH-PEL160815351F3', 'STU1608126EAB141', '1', '2016-08-15', 'Materi 1'),
('ABS-STU1608153FE317', 'REG-TCH-PEL160815351F3', 'STU1608126EAB142', '1', '2016-08-15', 'Materi 1'),
('ABS-STU1608153FE318', 'REG-TCH-PEL160815351F3', 'STU1608126EAB143', '1', '2016-08-15', 'Materi 1'),
('ABS-STU1608153FE319', 'REG-TCH-PEL160815351F3', 'STU1608126EAB144', '1', '2016-08-15', 'Materi 1'),
('ABS-STU1608153FE32', 'REG-TCH-PEL160815351F3', 'STU1608126EAB126', '1', '2016-08-15', 'Materi 1'),
('ABS-STU1608153FE320', 'REG-TCH-PEL160815351F3', 'STU1608126EAB145', '1', '2016-08-15', 'Materi 1'),
('ABS-STU1608153FE321', 'REG-TCH-PEL160815351F3', 'STU1608126EAB146', '1', '2016-08-15', 'Materi 1'),
('ABS-STU1608153FE322', 'REG-TCH-PEL160815351F3', 'STU1608126EAB147', '1', '2016-08-15', 'Materi 1'),
('ABS-STU1608153FE323', 'REG-TCH-PEL160815351F3', 'STU1608126EAB148', '1', '2016-08-15', 'Materi 1'),
('ABS-STU1608153FE33', 'REG-TCH-PEL160815351F3', 'STU1608126EAB127', '1', '2016-08-15', 'Materi 1'),
('ABS-STU1608153FE34', 'REG-TCH-PEL160815351F3', 'STU1608126EAB128', '1', '2016-08-15', 'Materi 1'),
('ABS-STU1608153FE35', 'REG-TCH-PEL160815351F3', 'STU1608126EAB129', '1', '2016-08-15', 'Materi 1'),
('ABS-STU1608153FE36', 'REG-TCH-PEL160815351F3', 'STU1608126EAB131', '1', '2016-08-15', 'Materi 1'),
('ABS-STU1608153FE37', 'REG-TCH-PEL160815351F3', 'STU1608126EAB132', '2', '2016-08-15', 'Materi 1'),
('ABS-STU1608153FE38', 'REG-TCH-PEL160815351F3', 'STU1608126EAB133', '1', '2016-08-15', 'Materi 1'),
('ABS-STU1608153FE39', 'REG-TCH-PEL160815351F3', 'STU1608126EAB134', '2', '2016-08-15', 'Materi 1'),
('ABS-STU1608154B640', 'REG-TCH-PEL16081588411', 'STU1608126EAB25', '1', '2016-08-15', 'Materi 1'),
('ABS-STU1608154B641', 'REG-TCH-PEL16081588411', 'STU1608126EAB26', '1', '2016-08-15', 'Materi 1'),
('ABS-STU1608154B6410', 'REG-TCH-PEL16081588411', 'STU1608126EAB35', '1', '2016-08-15', 'Materi 1'),
('ABS-STU1608154B6411', 'REG-TCH-PEL16081588411', 'STU1608126EAB36', '1', '2016-08-15', 'Materi 1'),
('ABS-STU1608154B6412', 'REG-TCH-PEL16081588411', 'STU1608126EAB37', '1', '2016-08-15', 'Materi 1'),
('ABS-STU1608154B6413', 'REG-TCH-PEL16081588411', 'STU1608126EAB38', '1', '2016-08-15', 'Materi 1'),
('ABS-STU1608154B6414', 'REG-TCH-PEL16081588411', 'STU1608126EAB39', '1', '2016-08-15', 'Materi 1'),
('ABS-STU1608154B6415', 'REG-TCH-PEL16081588411', 'STU1608126EAB40', '1', '2016-08-15', 'Materi 1'),
('ABS-STU1608154B6416', 'REG-TCH-PEL16081588411', 'STU1608126EAB41', '1', '2016-08-15', 'Materi 1'),
('ABS-STU1608154B642', 'REG-TCH-PEL16081588411', 'STU1608126EAB27', '1', '2016-08-15', 'Materi 1'),
('ABS-STU1608154B643', 'REG-TCH-PEL16081588411', 'STU1608126EAB28', '1', '2016-08-15', 'Materi 1'),
('ABS-STU1608154B644', 'REG-TCH-PEL16081588411', 'STU1608126EAB29', '1', '2016-08-15', 'Materi 1'),
('ABS-STU1608154B645', 'REG-TCH-PEL16081588411', 'STU1608126EAB30', '1', '2016-08-15', 'Materi 1'),
('ABS-STU1608154B646', 'REG-TCH-PEL16081588411', 'STU1608126EAB31', '1', '2016-08-15', 'Materi 1'),
('ABS-STU1608154B647', 'REG-TCH-PEL16081588411', 'STU1608126EAB32', '1', '2016-08-15', 'Materi 1'),
('ABS-STU1608154B648', 'REG-TCH-PEL16081588411', 'STU1608126EAB33', '1', '2016-08-15', 'Materi 1'),
('ABS-STU1608154B649', 'REG-TCH-PEL16081588411', 'STU1608126EAB34', '1', '2016-08-15', 'Materi 1'),
('ABS-STU1608154D6217', 'REG-TCH-PEL16081588411', 'STU1608126EAB42', '1', '2016-08-15', 'Materi 1'),
('ABS-STU1608154D6218', 'REG-TCH-PEL16081588411', 'STU1608126EAB43', '1', '2016-08-15', 'Materi 1'),
('ABS-STU1608154D6219', 'REG-TCH-PEL16081588411', 'STU1608126EAB44', '1', '2016-08-15', 'Materi 1'),
('ABS-STU1608154D6220', 'REG-TCH-PEL16081588411', 'STU1608126EAB45', '1', '2016-08-15', 'Materi 1'),
('ABS-STU1608154D6221', 'REG-TCH-PEL16081588411', 'STU1608126EAB46', '1', '2016-08-15', 'Materi 1'),
('ABS-STU1608154D6222', 'REG-TCH-PEL16081588411', 'STU1608126EAB47', '1', '2016-08-15', 'Materi 1'),
('ABS-STU1608154D6223', 'REG-TCH-PEL16081588411', 'STU1608126EAB48', '1', '2016-08-15', 'Materi 1'),
('ABS-STU1608154D6224', 'REG-TCH-PEL16081588411', 'STU1608126EAB49', '1', '2016-08-15', 'Materi 1'),
('ABS-STU1608154FB00', 'REG-TCH-PEL16081509C21', 'STU1608126EAB25', '1', '2016-08-15', 'Materi 1'),
('ABS-STU1608154FB01', 'REG-TCH-PEL16081509C21', 'STU1608126EAB26', '1', '2016-08-15', 'Materi 1'),
('ABS-STU1608154FB010', 'REG-TCH-PEL16081509C21', 'STU1608126EAB35', '1', '2016-08-15', 'Materi 1'),
('ABS-STU1608154FB011', 'REG-TCH-PEL16081509C21', 'STU1608126EAB36', '1', '2016-08-15', 'Materi 1'),
('ABS-STU1608154FB012', 'REG-TCH-PEL16081509C21', 'STU1608126EAB37', '1', '2016-08-15', 'Materi 1'),
('ABS-STU1608154FB013', 'REG-TCH-PEL16081509C21', 'STU1608126EAB38', '1', '2016-08-15', 'Materi 1'),
('ABS-STU1608154FB014', 'REG-TCH-PEL16081509C21', 'STU1608126EAB39', '4', '2016-08-15', 'Materi 1'),
('ABS-STU1608154FB015', 'REG-TCH-PEL16081509C21', 'STU1608126EAB40', '1', '2016-08-15', 'Materi 1'),
('ABS-STU1608154FB016', 'REG-TCH-PEL16081509C21', 'STU1608126EAB41', '1', '2016-08-15', 'Materi 1'),
('ABS-STU1608154FB017', 'REG-TCH-PEL16081509C21', 'STU1608126EAB42', '1', '2016-08-15', 'Materi 1'),
('ABS-STU1608154FB018', 'REG-TCH-PEL16081509C21', 'STU1608126EAB43', '1', '2016-08-15', 'Materi 1'),
('ABS-STU1608154FB019', 'REG-TCH-PEL16081509C21', 'STU1608126EAB44', '1', '2016-08-15', 'Materi 1'),
('ABS-STU1608154FB02', 'REG-TCH-PEL16081509C21', 'STU1608126EAB27', '1', '2016-08-15', 'Materi 1'),
('ABS-STU1608154FB020', 'REG-TCH-PEL16081509C21', 'STU1608126EAB45', '1', '2016-08-15', 'Materi 1'),
('ABS-STU1608154FB021', 'REG-TCH-PEL16081509C21', 'STU1608126EAB46', '1', '2016-08-15', 'Materi 1'),
('ABS-STU1608154FB022', 'REG-TCH-PEL16081509C21', 'STU1608126EAB47', '1', '2016-08-15', 'Materi 1'),
('ABS-STU1608154FB023', 'REG-TCH-PEL16081509C21', 'STU1608126EAB48', '1', '2016-08-15', 'Materi 1'),
('ABS-STU1608154FB024', 'REG-TCH-PEL16081509C21', 'STU1608126EAB49', '1', '2016-08-15', 'Materi 1'),
('ABS-STU1608154FB03', 'REG-TCH-PEL16081509C21', 'STU1608126EAB28', '2', '2016-08-15', 'Materi 1'),
('ABS-STU1608154FB04', 'REG-TCH-PEL16081509C21', 'STU1608126EAB29', '2', '2016-08-15', 'Materi 1'),
('ABS-STU1608154FB05', 'REG-TCH-PEL16081509C21', 'STU1608126EAB30', '2', '2016-08-15', 'Materi 1'),
('ABS-STU1608154FB06', 'REG-TCH-PEL16081509C21', 'STU1608126EAB31', '1', '2016-08-15', 'Materi 1'),
('ABS-STU1608154FB07', 'REG-TCH-PEL16081509C21', 'STU1608126EAB32', '1', '2016-08-15', 'Materi 1'),
('ABS-STU1608154FB08', 'REG-TCH-PEL16081509C21', 'STU1608126EAB33', '1', '2016-08-15', 'Materi 1'),
('ABS-STU1608154FB09', 'REG-TCH-PEL16081509C21', 'STU1608126EAB34', '1', '2016-08-15', 'Materi 1'),
('ABS-STU16081560F90', 'REG-TCH-PEL160815351F5', 'STU1608126EAB74', '1', '2016-08-15', 'Materi 1'),
('ABS-STU16081560F91', 'REG-TCH-PEL160815351F5', 'STU1608126EAB75', '1', '2016-08-15', 'Materi 1'),
('ABS-STU16081560F910', 'REG-TCH-PEL160815351F5', 'STU1608126EAB84', '1', '2016-08-15', 'Materi 1'),
('ABS-STU16081560F911', 'REG-TCH-PEL160815351F5', 'STU1608126EAB85', '1', '2016-08-15', 'Materi 1'),
('ABS-STU16081560F912', 'REG-TCH-PEL160815351F5', 'STU1608126EAB86', '1', '2016-08-15', 'Materi 1'),
('ABS-STU16081560F913', 'REG-TCH-PEL160815351F5', 'STU1608126EAB87', '1', '2016-08-15', 'Materi 1'),
('ABS-STU16081560F914', 'REG-TCH-PEL160815351F5', 'STU1608126EAB88', '1', '2016-08-15', 'Materi 1'),
('ABS-STU16081560F915', 'REG-TCH-PEL160815351F5', 'STU1608126EAB89', '3', '2016-08-15', 'Materi 1'),
('ABS-STU16081560F916', 'REG-TCH-PEL160815351F5', 'STU1608126EAB90', '1', '2016-08-15', 'Materi 1'),
('ABS-STU16081560F917', 'REG-TCH-PEL160815351F5', 'STU1608126EAB91', '2', '2016-08-15', 'Materi 1'),
('ABS-STU16081560F918', 'REG-TCH-PEL160815351F5', 'STU1608126EAB92', '1', '2016-08-15', 'Materi 1'),
('ABS-STU16081560F919', 'REG-TCH-PEL160815351F5', 'STU1608126EAB93', '1', '2016-08-15', 'Materi 1'),
('ABS-STU16081560F92', 'REG-TCH-PEL160815351F5', 'STU1608126EAB76', '1', '2016-08-15', 'Materi 1'),
('ABS-STU16081560F920', 'REG-TCH-PEL160815351F5', 'STU1608126EAB94', '1', '2016-08-15', 'Materi 1'),
('ABS-STU16081560F921', 'REG-TCH-PEL160815351F5', 'STU1608126EAB95', '1', '2016-08-15', 'Materi 1'),
('ABS-STU16081560F922', 'REG-TCH-PEL160815351F5', 'STU1608126EAB96', '1', '2016-08-15', 'Materi 1'),
('ABS-STU16081560F923', 'REG-TCH-PEL160815351F5', 'STU1608126EAB97', '1', '2016-08-15', 'Materi 1'),
('ABS-STU16081560F924', 'REG-TCH-PEL160815351F5', 'STU1608126EAB98', '1', '2016-08-15', 'Materi 1'),
('ABS-STU16081560F93', 'REG-TCH-PEL160815351F5', 'STU1608126EAB77', '1', '2016-08-15', 'Materi 1'),
('ABS-STU16081560F94', 'REG-TCH-PEL160815351F5', 'STU1608126EAB78', '1', '2016-08-15', 'Materi 1'),
('ABS-STU16081560F95', 'REG-TCH-PEL160815351F5', 'STU1608126EAB79', '1', '2016-08-15', 'Materi 1'),
('ABS-STU16081560F96', 'REG-TCH-PEL160815351F5', 'STU1608126EAB80', '1', '2016-08-15', 'Materi 1'),
('ABS-STU16081560F97', 'REG-TCH-PEL160815351F5', 'STU1608126EAB81', '1', '2016-08-15', 'Materi 1'),
('ABS-STU16081560F98', 'REG-TCH-PEL160815351F5', 'STU1608126EAB82', '1', '2016-08-15', 'Materi 1'),
('ABS-STU16081560F99', 'REG-TCH-PEL160815351F5', 'STU1608126EAB83', '1', '2016-08-15', 'Materi 1'),
('ABS-STU16081566060', 'REG-TCH-PEL16081588410', 'STU1608126EAB0', '1', '2016-08-15', 'Materi 1\r\n'),
('ABS-STU16081566061', 'REG-TCH-PEL16081588410', 'STU1608126EAB1', '1', '2016-08-15', 'Materi 1\r\n'),
('ABS-STU160815660610', 'REG-TCH-PEL16081588410', 'STU1608126EAB18', '1', '2016-08-15', 'Materi 1\r\n'),
('ABS-STU160815660611', 'REG-TCH-PEL16081588410', 'STU1608126EAB19', '1', '2016-08-15', 'Materi 1\r\n'),
('ABS-STU160815660612', 'REG-TCH-PEL16081588410', 'STU1608126EAB2', '1', '2016-08-15', 'Materi 1\r\n'),
('ABS-STU160815660613', 'REG-TCH-PEL16081588410', 'STU1608126EAB20', '1', '2016-08-15', 'Materi 1\r\n'),
('ABS-STU160815660614', 'REG-TCH-PEL16081588410', 'STU1608126EAB21', '1', '2016-08-15', 'Materi 1\r\n'),
('ABS-STU160815660615', 'REG-TCH-PEL16081588410', 'STU1608126EAB22', '1', '2016-08-15', 'Materi 1\r\n'),
('ABS-STU160815660616', 'REG-TCH-PEL16081588410', 'STU1608126EAB23', '1', '2016-08-15', 'Materi 1\r\n'),
('ABS-STU160815660617', 'REG-TCH-PEL16081588410', 'STU1608126EAB24', '1', '2016-08-15', 'Materi 1\r\n'),
('ABS-STU160815660618', 'REG-TCH-PEL16081588410', 'STU1608126EAB3', '1', '2016-08-15', 'Materi 1\r\n'),
('ABS-STU160815660619', 'REG-TCH-PEL16081588410', 'STU1608126EAB4', '1', '2016-08-15', 'Materi 1\r\n'),
('ABS-STU16081566062', 'REG-TCH-PEL16081588410', 'STU1608126EAB10', '1', '2016-08-15', 'Materi 1\r\n'),
('ABS-STU160815660620', 'REG-TCH-PEL16081588410', 'STU1608126EAB5', '1', '2016-08-15', 'Materi 1\r\n'),
('ABS-STU160815660621', 'REG-TCH-PEL16081588410', 'STU1608126EAB6', '1', '2016-08-15', 'Materi 1\r\n'),
('ABS-STU160815660622', 'REG-TCH-PEL16081588410', 'STU1608126EAB7', '1', '2016-08-15', 'Materi 1\r\n'),
('ABS-STU160815660623', 'REG-TCH-PEL16081588410', 'STU1608126EAB8', '1', '2016-08-15', 'Materi 1\r\n'),
('ABS-STU160815660624', 'REG-TCH-PEL16081588410', 'STU1608126EAB9', '1', '2016-08-15', 'Materi 1\r\n'),
('ABS-STU16081566063', 'REG-TCH-PEL16081588410', 'STU1608126EAB11', '1', '2016-08-15', 'Materi 1\r\n'),
('ABS-STU16081566064', 'REG-TCH-PEL16081588410', 'STU1608126EAB12', '1', '2016-08-15', 'Materi 1\r\n'),
('ABS-STU16081566065', 'REG-TCH-PEL16081588410', 'STU1608126EAB13', '1', '2016-08-15', 'Materi 1\r\n'),
('ABS-STU16081566066', 'REG-TCH-PEL16081588410', 'STU1608126EAB14', '1', '2016-08-15', 'Materi 1\r\n'),
('ABS-STU16081566067', 'REG-TCH-PEL16081588410', 'STU1608126EAB15', '1', '2016-08-15', 'Materi 1\r\n'),
('ABS-STU16081566068', 'REG-TCH-PEL16081588410', 'STU1608126EAB16', '1', '2016-08-15', 'Materi 1\r\n'),
('ABS-STU16081566069', 'REG-TCH-PEL16081588410', 'STU1608126EAB17', '1', '2016-08-15', 'Materi 1\r\n'),
('ABS-STU160815A37218', 'REG-TCH-PEL16081509C29', 'STU1608126EAB257', '1', '2016-08-15', 'Materi 1\r\n'),
('ABS-STU160815A37219', 'REG-TCH-PEL16081509C29', 'STU1608126EAB258', '1', '2016-08-15', 'Materi 1\r\n'),
('ABS-STU160815B4930', 'REG-TCH-PEL16081509C22', 'STU1608126EAB50', '1', '2016-08-15', 'Materi 1'),
('ABS-STU160815B4931', 'REG-TCH-PEL16081509C22', 'STU1608126EAB51', '1', '2016-08-15', 'Materi 1'),
('ABS-STU160815B49310', 'REG-TCH-PEL16081509C22', 'STU1608126EAB60', '1', '2016-08-15', 'Materi 1'),
('ABS-STU160815B49311', 'REG-TCH-PEL16081509C22', 'STU1608126EAB61', '1', '2016-08-15', 'Materi 1'),
('ABS-STU160815B49312', 'REG-TCH-PEL16081509C22', 'STU1608126EAB62', '1', '2016-08-15', 'Materi 1'),
('ABS-STU160815B49313', 'REG-TCH-PEL16081509C22', 'STU1608126EAB63', '1', '2016-08-15', 'Materi 1'),
('ABS-STU160815B49314', 'REG-TCH-PEL16081509C22', 'STU1608126EAB64', '1', '2016-08-15', 'Materi 1'),
('ABS-STU160815B49315', 'REG-TCH-PEL16081509C22', 'STU1608126EAB65', '1', '2016-08-15', 'Materi 1'),
('ABS-STU160815B49316', 'REG-TCH-PEL16081509C22', 'STU1608126EAB66', '1', '2016-08-15', 'Materi 1'),
('ABS-STU160815B49317', 'REG-TCH-PEL16081509C22', 'STU1608126EAB67', '1', '2016-08-15', 'Materi 1'),
('ABS-STU160815B49318', 'REG-TCH-PEL16081509C22', 'STU1608126EAB68', '1', '2016-08-15', 'Materi 1'),
('ABS-STU160815B49319', 'REG-TCH-PEL16081509C22', 'STU1608126EAB69', '1', '2016-08-15', 'Materi 1'),
('ABS-STU160815B4932', 'REG-TCH-PEL16081509C22', 'STU1608126EAB52', '1', '2016-08-15', 'Materi 1'),
('ABS-STU160815B49320', 'REG-TCH-PEL16081509C22', 'STU1608126EAB70', '1', '2016-08-15', 'Materi 1'),
('ABS-STU160815B49321', 'REG-TCH-PEL16081509C22', 'STU1608126EAB71', '1', '2016-08-15', 'Materi 1'),
('ABS-STU160815B49322', 'REG-TCH-PEL16081509C22', 'STU1608126EAB72', '1', '2016-08-15', 'Materi 1'),
('ABS-STU160815B49323', 'REG-TCH-PEL16081509C22', 'STU1608126EAB73', '1', '2016-08-15', 'Materi 1'),
('ABS-STU160815B4933', 'REG-TCH-PEL16081509C22', 'STU1608126EAB53', '1', '2016-08-15', 'Materi 1'),
('ABS-STU160815B4934', 'REG-TCH-PEL16081509C22', 'STU1608126EAB54', '3', '2016-08-15', 'Materi 1'),
('ABS-STU160815B4935', 'REG-TCH-PEL16081509C22', 'STU1608126EAB55', '1', '2016-08-15', 'Materi 1'),
('ABS-STU160815B4936', 'REG-TCH-PEL16081509C22', 'STU1608126EAB56', '1', '2016-08-15', 'Materi 1'),
('ABS-STU160815B4937', 'REG-TCH-PEL16081509C22', 'STU1608126EAB57', '1', '2016-08-15', 'Materi 1'),
('ABS-STU160815B4938', 'REG-TCH-PEL16081509C22', 'STU1608126EAB58', '2', '2016-08-15', 'Materi 1'),
('ABS-STU160815B4939', 'REG-TCH-PEL16081509C22', 'STU1608126EAB59', '1', '2016-08-15', 'Materi 1'),
('ABS-STU16081615110', 'REG-TCH-PEL160815351F5', 'STU1608126EAB74', '1', '2016-08-16', 'Materi 3'),
('ABS-STU16081615111', 'REG-TCH-PEL160815351F5', 'STU1608126EAB75', '1', '2016-08-16', 'Materi 3'),
('ABS-STU160816151110', 'REG-TCH-PEL160815351F5', 'STU1608126EAB84', '1', '2016-08-16', 'Materi 3'),
('ABS-STU160816151111', 'REG-TCH-PEL160815351F5', 'STU1608126EAB85', '1', '2016-08-16', 'Materi 3'),
('ABS-STU160816151112', 'REG-TCH-PEL160815351F5', 'STU1608126EAB86', '1', '2016-08-16', 'Materi 3'),
('ABS-STU160816151113', 'REG-TCH-PEL160815351F5', 'STU1608126EAB87', '1', '2016-08-16', 'Materi 3'),
('ABS-STU160816151114', 'REG-TCH-PEL160815351F5', 'STU1608126EAB88', '1', '2016-08-16', 'Materi 3'),
('ABS-STU160816151115', 'REG-TCH-PEL160815351F5', 'STU1608126EAB89', '1', '2016-08-16', 'Materi 3'),
('ABS-STU160816151116', 'REG-TCH-PEL160815351F5', 'STU1608126EAB90', '1', '2016-08-16', 'Materi 3'),
('ABS-STU160816151117', 'REG-TCH-PEL160815351F5', 'STU1608126EAB91', '1', '2016-08-16', 'Materi 3'),
('ABS-STU160816151118', 'REG-TCH-PEL160815351F5', 'STU1608126EAB92', '1', '2016-08-16', 'Materi 3'),
('ABS-STU160816151119', 'REG-TCH-PEL160815351F5', 'STU1608126EAB93', '1', '2016-08-16', 'Materi 3'),
('ABS-STU16081615112', 'REG-TCH-PEL160815351F5', 'STU1608126EAB76', '1', '2016-08-16', 'Materi 3'),
('ABS-STU160816151120', 'REG-TCH-PEL160815351F5', 'STU1608126EAB94', '1', '2016-08-16', 'Materi 3'),
('ABS-STU160816151121', 'REG-TCH-PEL160815351F5', 'STU1608126EAB95', '1', '2016-08-16', 'Materi 3'),
('ABS-STU160816151122', 'REG-TCH-PEL160815351F5', 'STU1608126EAB96', '1', '2016-08-16', 'Materi 3'),
('ABS-STU160816151123', 'REG-TCH-PEL160815351F5', 'STU1608126EAB97', '1', '2016-08-16', 'Materi 3'),
('ABS-STU160816151124', 'REG-TCH-PEL160815351F5', 'STU1608126EAB98', '1', '2016-08-16', 'Materi 3'),
('ABS-STU16081615113', 'REG-TCH-PEL160815351F5', 'STU1608126EAB77', '1', '2016-08-16', 'Materi 3'),
('ABS-STU16081615114', 'REG-TCH-PEL160815351F5', 'STU1608126EAB78', '1', '2016-08-16', 'Materi 3'),
('ABS-STU16081615115', 'REG-TCH-PEL160815351F5', 'STU1608126EAB79', '1', '2016-08-16', 'Materi 3'),
('ABS-STU16081615116', 'REG-TCH-PEL160815351F5', 'STU1608126EAB80', '1', '2016-08-16', 'Materi 3'),
('ABS-STU16081615117', 'REG-TCH-PEL160815351F5', 'STU1608126EAB81', '1', '2016-08-16', 'Materi 3'),
('ABS-STU16081615118', 'REG-TCH-PEL160815351F5', 'STU1608126EAB82', '1', '2016-08-16', 'Materi 3'),
('ABS-STU16081615119', 'REG-TCH-PEL160815351F5', 'STU1608126EAB83', '1', '2016-08-16', 'Materi 3'),
('ABS-STU1608221A1421', 'REG-TCH-PEL160815351F5', 'STU1608126EAB95', '1', '2016-08-22', 'Materi 2'),
('ABS-STU1608221A1422', 'REG-TCH-PEL160815351F5', 'STU1608126EAB96', '1', '2016-08-22', 'Materi 2'),
('ABS-STU1608221A1423', 'REG-TCH-PEL160815351F5', 'STU1608126EAB97', '1', '2016-08-22', 'Materi 2'),
('ABS-STU1608221A1424', 'REG-TCH-PEL160815351F5', 'STU1608126EAB98', '1', '2016-08-22', 'Materi 2'),
('ABS-STU16082270790', 'REG-TCH-PEL160815351F5', 'STU1608126EAB74', '1', '2016-08-22', 'Materi 2'),
('ABS-STU16082270791', 'REG-TCH-PEL160815351F5', 'STU1608126EAB75', '1', '2016-08-22', 'Materi 2'),
('ABS-STU160822707910', 'REG-TCH-PEL160815351F5', 'STU1608126EAB84', '1', '2016-08-22', 'Materi 2'),
('ABS-STU160822707911', 'REG-TCH-PEL160815351F5', 'STU1608126EAB85', '1', '2016-08-22', 'Materi 2'),
('ABS-STU160822707912', 'REG-TCH-PEL160815351F5', 'STU1608126EAB86', '1', '2016-08-22', 'Materi 2'),
('ABS-STU160822707913', 'REG-TCH-PEL160815351F5', 'STU1608126EAB87', '1', '2016-08-22', 'Materi 2'),
('ABS-STU160822707914', 'REG-TCH-PEL160815351F5', 'STU1608126EAB88', '1', '2016-08-22', 'Materi 2'),
('ABS-STU160822707915', 'REG-TCH-PEL160815351F5', 'STU1608126EAB89', '1', '2016-08-22', 'Materi 2'),
('ABS-STU160822707916', 'REG-TCH-PEL160815351F5', 'STU1608126EAB90', '1', '2016-08-22', 'Materi 2'),
('ABS-STU160822707917', 'REG-TCH-PEL160815351F5', 'STU1608126EAB91', '1', '2016-08-22', 'Materi 2'),
('ABS-STU160822707918', 'REG-TCH-PEL160815351F5', 'STU1608126EAB92', '1', '2016-08-22', 'Materi 2'),
('ABS-STU160822707919', 'REG-TCH-PEL160815351F5', 'STU1608126EAB93', '1', '2016-08-22', 'Materi 2'),
('ABS-STU16082270792', 'REG-TCH-PEL160815351F5', 'STU1608126EAB76', '1', '2016-08-22', 'Materi 2'),
('ABS-STU160822707920', 'REG-TCH-PEL160815351F5', 'STU1608126EAB94', '1', '2016-08-22', 'Materi 2'),
('ABS-STU16082270793', 'REG-TCH-PEL160815351F5', 'STU1608126EAB77', '1', '2016-08-22', 'Materi 2'),
('ABS-STU16082270794', 'REG-TCH-PEL160815351F5', 'STU1608126EAB78', '1', '2016-08-22', 'Materi 2'),
('ABS-STU16082270795', 'REG-TCH-PEL160815351F5', 'STU1608126EAB79', '1', '2016-08-22', 'Materi 2'),
('ABS-STU16082270796', 'REG-TCH-PEL160815351F5', 'STU1608126EAB80', '1', '2016-08-22', 'Materi 2'),
('ABS-STU16082270797', 'REG-TCH-PEL160815351F5', 'STU1608126EAB81', '1', '2016-08-22', 'Materi 2'),
('ABS-STU16082270798', 'REG-TCH-PEL160815351F5', 'STU1608126EAB82', '1', '2016-08-22', 'Materi 2'),
('ABS-STU16082270799', 'REG-TCH-PEL160815351F5', 'STU1608126EAB83', '1', '2016-08-22', 'Materi 2'),
('ABS-STU160822ADC50', 'REG-TCH-PEL160815351F3', 'STU1608126EAB124', '1', '2016-08-22', 'Materi 2'),
('ABS-STU160822ADC51', 'REG-TCH-PEL160815351F3', 'STU1608126EAB125', '1', '2016-08-22', 'Materi 2'),
('ABS-STU160822ADC510', 'REG-TCH-PEL160815351F3', 'STU1608126EAB135', '1', '2016-08-22', 'Materi 2'),
('ABS-STU160822ADC511', 'REG-TCH-PEL160815351F3', 'STU1608126EAB136', '1', '2016-08-22', 'Materi 2'),
('ABS-STU160822ADC512', 'REG-TCH-PEL160815351F3', 'STU1608126EAB137', '1', '2016-08-22', 'Materi 2'),
('ABS-STU160822ADC513', 'REG-TCH-PEL160815351F3', 'STU1608126EAB138', '1', '2016-08-22', 'Materi 2'),
('ABS-STU160822ADC514', 'REG-TCH-PEL160815351F3', 'STU1608126EAB139', '1', '2016-08-22', 'Materi 2'),
('ABS-STU160822ADC515', 'REG-TCH-PEL160815351F3', 'STU1608126EAB140', '1', '2016-08-22', 'Materi 2'),
('ABS-STU160822ADC516', 'REG-TCH-PEL160815351F3', 'STU1608126EAB141', '1', '2016-08-22', 'Materi 2'),
('ABS-STU160822ADC52', 'REG-TCH-PEL160815351F3', 'STU1608126EAB126', '1', '2016-08-22', 'Materi 2'),
('ABS-STU160822ADC53', 'REG-TCH-PEL160815351F3', 'STU1608126EAB127', '1', '2016-08-22', 'Materi 2'),
('ABS-STU160822ADC54', 'REG-TCH-PEL160815351F3', 'STU1608126EAB128', '1', '2016-08-22', 'Materi 2'),
('ABS-STU160822ADC55', 'REG-TCH-PEL160815351F3', 'STU1608126EAB129', '1', '2016-08-22', 'Materi 2'),
('ABS-STU160822ADC56', 'REG-TCH-PEL160815351F3', 'STU1608126EAB131', '1', '2016-08-22', 'Materi 2'),
('ABS-STU160822ADC57', 'REG-TCH-PEL160815351F3', 'STU1608126EAB132', '1', '2016-08-22', 'Materi 2'),
('ABS-STU160822ADC58', 'REG-TCH-PEL160815351F3', 'STU1608126EAB133', '1', '2016-08-22', 'Materi 2'),
('ABS-STU160822ADC59', 'REG-TCH-PEL160815351F3', 'STU1608126EAB134', '1', '2016-08-22', 'Materi 2'),
('ABS-STU160822E6A417', 'REG-TCH-PEL160815351F3', 'STU1608126EAB142', '1', '2016-08-22', 'Materi 2'),
('ABS-STU160822E6A418', 'REG-TCH-PEL160815351F3', 'STU1608126EAB143', '1', '2016-08-22', 'Materi 2'),
('ABS-STU160822E6A419', 'REG-TCH-PEL160815351F3', 'STU1608126EAB144', '1', '2016-08-22', 'Materi 2'),
('ABS-STU160822E6A420', 'REG-TCH-PEL160815351F3', 'STU1608126EAB145', '1', '2016-08-22', 'Materi 2'),
('ABS-STU160822E6A421', 'REG-TCH-PEL160815351F3', 'STU1608126EAB146', '1', '2016-08-22', 'Materi 2'),
('ABS-STU160822E6A422', 'REG-TCH-PEL160815351F3', 'STU1608126EAB147', '1', '2016-08-22', 'Materi 2'),
('ABS-STU160822E6A423', 'REG-TCH-PEL160815351F3', 'STU1608126EAB148', '1', '2016-08-22', 'Materi 2'),
('ABS-STU160823B0680', 'REG-TCH-PEL160815351F5', 'STU1608126EAB74', '1', '2016-08-23', 'Materi 2'),
('ABS-STU160823B0681', 'REG-TCH-PEL160815351F5', 'STU1608126EAB75', '1', '2016-08-23', 'Materi 2'),
('ABS-STU160823B06810', 'REG-TCH-PEL160815351F5', 'STU1608126EAB84', '1', '2016-08-23', 'Materi 2'),
('ABS-STU160823B06811', 'REG-TCH-PEL160815351F5', 'STU1608126EAB85', '1', '2016-08-23', 'Materi 2'),
('ABS-STU160823B06812', 'REG-TCH-PEL160815351F5', 'STU1608126EAB86', '1', '2016-08-23', 'Materi 2'),
('ABS-STU160823B06813', 'REG-TCH-PEL160815351F5', 'STU1608126EAB87', '1', '2016-08-23', 'Materi 2'),
('ABS-STU160823B06814', 'REG-TCH-PEL160815351F5', 'STU1608126EAB88', '1', '2016-08-23', 'Materi 2'),
('ABS-STU160823B06815', 'REG-TCH-PEL160815351F5', 'STU1608126EAB89', '1', '2016-08-23', 'Materi 2'),
('ABS-STU160823B06816', 'REG-TCH-PEL160815351F5', 'STU1608126EAB90', '1', '2016-08-23', 'Materi 2'),
('ABS-STU160823B06817', 'REG-TCH-PEL160815351F5', 'STU1608126EAB91', '1', '2016-08-23', 'Materi 2'),
('ABS-STU160823B06818', 'REG-TCH-PEL160815351F5', 'STU1608126EAB92', '1', '2016-08-23', 'Materi 2'),
('ABS-STU160823B06819', 'REG-TCH-PEL160815351F5', 'STU1608126EAB93', '1', '2016-08-23', 'Materi 2'),
('ABS-STU160823B0682', 'REG-TCH-PEL160815351F5', 'STU1608126EAB76', '1', '2016-08-23', 'Materi 2'),
('ABS-STU160823B06820', 'REG-TCH-PEL160815351F5', 'STU1608126EAB94', '1', '2016-08-23', 'Materi 2'),
('ABS-STU160823B06821', 'REG-TCH-PEL160815351F5', 'STU1608126EAB95', '1', '2016-08-23', 'Materi 2'),
('ABS-STU160823B06822', 'REG-TCH-PEL160815351F5', 'STU1608126EAB96', '1', '2016-08-23', 'Materi 2'),
('ABS-STU160823B06823', 'REG-TCH-PEL160815351F5', 'STU1608126EAB97', '1', '2016-08-23', 'Materi 2'),
('ABS-STU160823B06824', 'REG-TCH-PEL160815351F5', 'STU1608126EAB98', '1', '2016-08-23', 'Materi 2'),
('ABS-STU160823B0683', 'REG-TCH-PEL160815351F5', 'STU1608126EAB77', '1', '2016-08-23', 'Materi 2'),
('ABS-STU160823B0684', 'REG-TCH-PEL160815351F5', 'STU1608126EAB78', '1', '2016-08-23', 'Materi 2'),
('ABS-STU160823B0685', 'REG-TCH-PEL160815351F5', 'STU1608126EAB79', '1', '2016-08-23', 'Materi 2'),
('ABS-STU160823B0686', 'REG-TCH-PEL160815351F5', 'STU1608126EAB80', '1', '2016-08-23', 'Materi 2'),
('ABS-STU160823B0687', 'REG-TCH-PEL160815351F5', 'STU1608126EAB81', '1', '2016-08-23', 'Materi 2'),
('ABS-STU160823B0688', 'REG-TCH-PEL160815351F5', 'STU1608126EAB82', '1', '2016-08-23', 'Materi 2'),
('ABS-STU160823B0689', 'REG-TCH-PEL160815351F5', 'STU1608126EAB83', '1', '2016-08-23', 'Materi 2');

-- --------------------------------------------------------

--
-- Table structure for table `stu_nilai_ci`
--

CREATE TABLE IF NOT EXISTS `stu_nilai_ci` (
  `id_nilai_stu` varchar(50) NOT NULL,
  `id_reg` varchar(40) NOT NULL,
  `id_stu` varchar(50) NOT NULL,
  `id_absen` varchar(50) DEFAULT NULL,
  `kkm` float NOT NULL,
  `nilai_aktual` float DEFAULT NULL,
  `tipe_nilai` int(2) DEFAULT NULL,
  `ket` varchar(30) DEFAULT NULL,
  `id_sikap` varchar(30) DEFAULT NULL
) ENGINE=InnoDB DEFAULT CHARSET=latin1;

--
-- Dumping data for table `stu_nilai_ci`
--

INSERT INTO `stu_nilai_ci` (`id_nilai_stu`, `id_reg`, `id_stu`, `id_absen`, `kkm`, `nilai_aktual`, `tipe_nilai`, `ket`, `id_sikap`) VALUES
('NIL-STU16081500A4B40', 'REG-TCH-PEL160815351F3', 'STU1608126EAB145', 'ABS-STU1608153FE320', 75, 99, 3, '', NULL),
('NIL-STU16081500DC5C4', 'REG-TCH-PEL160815351F3', 'STU1608126EAB144', 'ABS-STU1608153FE319', 75, 78, 3, '', NULL),
('NIL-STU160815011E58B', 'REG-TCH-PEL160815351F3', 'STU1608126EAB146', 'ABS-STU1608153FE321', 75, 85, 2, 'Tugas 1', NULL),
('NIL-STU16081507CB5FC', 'REG-TCH-PEL160815351F3', 'STU1608126EAB140', 'ABS-STU1608153FE315', 75, 86, 2, 'Tugas 1', NULL),
('NIL-STU16081508B714F', 'REG-TCH-PEL160815351F3', 'STU1608126EAB134', 'ABS-STU1608153FE39', 75, 0, 2, 'Tugas 1', NULL),
('NIL-STU1608150A959F9', 'REG-TCH-PEL160815351F5', 'STU1608126EAB78', 'ABS-STU16081560F94', 70, 88, 1, '', NULL),
('NIL-STU1608150FD7BF0', 'REG-TCH-PEL160815351F3', 'STU1608126EAB144', 'ABS-STU1608153FE319', 75, 86, 2, 'Tugas 1', NULL),
('NIL-STU16081512D1504', 'REG-TCH-PEL160815351F5', 'STU1608126EAB88', 'ABS-STU16081560F914', 70, 77, 1, '', NULL),
('NIL-STU1608151310DEE', 'REG-TCH-PEL160815351F5', 'STU1608126EAB97', 'ABS-STU16081560F923', 70, 67, 1, '', NULL),
('NIL-STU160815144C4E6', 'REG-TCH-PEL160815351F5', 'STU1608126EAB87', 'ABS-STU16081560F913', 70, 67, 1, '', NULL),
('NIL-STU1608151486A33', 'REG-TCH-PEL160815351F3', 'STU1608126EAB145', 'ABS-STU1608153FE320', 75, 89, 2, 'Tugas 1', NULL),
('NIL-STU16081516B496A', 'REG-TCH-PEL160815351F3', 'STU1608126EAB141', 'ABS-STU1608153FE316', 75, 87, 2, 'Tugas 2', NULL),
('NIL-STU1608151A03B75', 'REG-TCH-PEL160815351F5', 'STU1608126EAB74', 'ABS-STU16081560F90', 70, 78, 1, '', NULL),
('NIL-STU1608151B5A3F1', 'REG-TCH-PEL160815351F3', 'STU1608126EAB138', 'ABS-STU160822ADC513', 70, 67, 1, '', NULL),
('NIL-STU1608151EBB272', 'REG-TCH-PEL160815351F5', 'STU1608126EAB76', 'ABS-STU16081560F92', 70, 67, 1, '', NULL),
('NIL-STU16081520AB489', 'REG-TCH-PEL160815351F3', 'STU1608126EAB131', 'ABS-STU160822ADC56', 70, 82, 1, '', NULL),
('NIL-STU16081520C28B6', 'REG-TCH-PEL160815351F3', 'STU1608126EAB125', 'ABS-STU1608153FE31', 75, 67, 3, '', NULL),
('NIL-STU16081521A327D', 'REG-TCH-PEL160815351F3', 'STU1608126EAB143', 'ABS-STU160822E6A418', 70, 82, 1, '', NULL),
('NIL-STU1608152C174C3', 'REG-TCH-PEL160815351F3', 'STU1608126EAB135', 'ABS-STU1608153FE310', 75, 79, 2, 'Tugas 2', NULL),
('NIL-STU1608152D7F05B', 'REG-TCH-PEL160815351F3', 'STU1608126EAB127', 'ABS-STU160822ADC53', 70, 78, 1, '', NULL),
('NIL-STU1608152FE9658', 'REG-TCH-PEL160815351F3', 'STU1608126EAB148', 'ABS-STU1608153FE323', 75, 66, 3, '', NULL),
('NIL-STU160815318AC4D91010', 'REG-TCH-PEL160815351F3', 'STU1608126EAB143', 'ABS-STU1608153FE318', 70, 79, 1, '', NULL),
('NIL-STU160815318AC4D91111', 'REG-TCH-PEL160815351F3', 'STU1608126EAB144', 'ABS-STU1608153FE319', 70, 75, 1, '', NULL),
('NIL-STU160815318AC4D91212', 'REG-TCH-PEL160815351F3', 'STU1608126EAB126', 'ABS-STU1608153FE32', 70, 75, 1, '', NULL),
('NIL-STU160815318AC4D91313', 'REG-TCH-PEL160815351F3', 'STU1608126EAB145', 'ABS-STU1608153FE320', 70, 67, 1, '', NULL),
('NIL-STU160815318AC4D91414', 'REG-TCH-PEL160815351F3', 'STU1608126EAB146', 'ABS-STU1608153FE321', 70, 78, 1, '', NULL),
('NIL-STU160815318AC4D91515', 'REG-TCH-PEL160815351F3', 'STU1608126EAB147', 'ABS-STU1608153FE322', 70, 89, 1, '', NULL),
('NIL-STU160815318AC4D91616', 'REG-TCH-PEL160815351F3', 'STU1608126EAB148', 'ABS-STU1608153FE323', 70, 88, 1, '', NULL),
('NIL-STU160815318AC4D91717', 'REG-TCH-PEL160815351F3', 'STU1608126EAB127', 'ABS-STU1608153FE33', 70, 87, 1, '', NULL),
('NIL-STU160815318AC4D91818', 'REG-TCH-PEL160815351F3', 'STU1608126EAB128', 'ABS-STU1608153FE34', 70, 78, 1, '', NULL),
('NIL-STU160815318AC4D91919', 'REG-TCH-PEL160815351F3', 'STU1608126EAB129', 'ABS-STU1608153FE35', 70, 86, 1, '', NULL),
('NIL-STU160815318AC4D92020', 'REG-TCH-PEL160815351F3', 'STU1608126EAB131', 'ABS-STU1608153FE36', 70, 84, 1, '', NULL),
('NIL-STU160815318AC4D92121', 'REG-TCH-PEL160815351F3', 'STU1608126EAB132', 'ABS-STU1608153FE37', 70, 0, 1, '', NULL),
('NIL-STU160815318AC4D92222', 'REG-TCH-PEL160815351F3', 'STU1608126EAB133', 'ABS-STU1608153FE38', 70, 84, 1, '', NULL),
('NIL-STU160815318AC4D92323', 'REG-TCH-PEL160815351F3', 'STU1608126EAB134', 'ABS-STU1608153FE39', 70, 0, 1, '', NULL),
('NIL-STU160815318AC4D966', 'REG-TCH-PEL160815351F3', 'STU1608126EAB139', 'ABS-STU1608153FE314', 70, 85, 1, '', NULL),
('NIL-STU160815318AC4D977', 'REG-TCH-PEL160815351F3', 'STU1608126EAB140', 'ABS-STU1608153FE315', 70, 76, 1, '', NULL),
('NIL-STU160815318AC4D988', 'REG-TCH-PEL160815351F3', 'STU1608126EAB141', 'ABS-STU1608153FE316', 70, 77, 1, '', NULL),
('NIL-STU160815318AC4D999', 'REG-TCH-PEL160815351F3', 'STU1608126EAB142', 'ABS-STU1608153FE317', 70, 79, 1, '', NULL),
('NIL-STU16081531DA2EE', 'REG-TCH-PEL160815351F3', 'STU1608126EAB137', 'ABS-STU1608153FE312', 75, 77, 2, 'Tugas 2', NULL),
('NIL-STU16081531F3B42', 'REG-TCH-PEL160815351F3', 'STU1608126EAB139', 'ABS-STU1608153FE314', 75, 89, 3, '', NULL),
('NIL-STU16081538B4DEF', 'REG-TCH-PEL160815351F5', 'STU1608126EAB79', 'ABS-STU16081560F95', 70, 77, 1, '', NULL),
('NIL-STU16081538DF7BE', 'REG-TCH-PEL160815351F3', 'STU1608126EAB136', 'ABS-STU160822ADC511', 70, 87, 1, '', NULL),
('NIL-STU16081538FF65B', 'REG-TCH-PEL160815351F3', 'STU1608126EAB124', 'ABS-STU160822ADC50', 70, 80, 1, '', NULL),
('NIL-STU1608153E930BE', 'REG-TCH-PEL160815351F3', 'STU1608126EAB134', 'ABS-STU1608153FE39', 75, 0, 3, '', NULL),
('NIL-STU1608153EF92D6', 'REG-TCH-PEL160815351F3', 'STU1608126EAB145', 'ABS-STU160822E6A420', 70, 80, 1, '', NULL),
('NIL-STU1608153F21FF5', 'REG-TCH-PEL160815351F3', 'STU1608126EAB141', 'ABS-STU160822ADC516', 70, 88, 1, '', NULL),
('NIL-STU160815462CE79', 'REG-TCH-PEL160815351F3', 'STU1608126EAB140', 'ABS-STU1608153FE315', 75, 77, 3, '', NULL),
('NIL-STU16081547250D0', 'REG-TCH-PEL160815351F3', 'STU1608126EAB132', 'ABS-STU1608153FE37', 75, 0, 3, '', NULL),
('NIL-STU1608154A2285F', 'REG-TCH-PEL160815351F3', 'STU1608126EAB127', 'ABS-STU1608153FE33', 75, 78, 3, '', NULL),
('NIL-STU1608154A968AC', 'REG-TCH-PEL160815351F3', 'STU1608126EAB135', 'ABS-STU1608153FE310', 75, 87, 3, '', NULL),
('NIL-STU1608154FBF580', 'REG-TCH-PEL160815351F3', 'STU1608126EAB147', 'ABS-STU1608153FE322', 75, 95, 2, 'Tugas 2', NULL),
('NIL-STU16081550EE346', 'REG-TCH-PEL160815351F3', 'STU1608126EAB146', 'ABS-STU160822E6A421', 70, 87, 1, '', NULL),
('NIL-STU16081550FD5C4', 'REG-TCH-PEL160815351F3', 'STU1608126EAB129', 'ABS-STU1608153FE35', 75, 89, 3, '', NULL),
('NIL-STU160815521222E', 'REG-TCH-PEL160815351F3', 'STU1608126EAB126', 'ABS-STU1608153FE32', 75, 70, 2, 'Tugas 2', NULL),
('NIL-STU160815528D629', 'REG-TCH-PEL160815351F5', 'STU1608126EAB86', 'ABS-STU16081560F912', 70, 79, 1, '', NULL),
('NIL-STU16081555B95CE', 'REG-TCH-PEL160815351F5', 'STU1608126EAB84', 'ABS-STU16081560F910', 70, 78, 1, '', NULL),
('NIL-STU16081557D17AA', 'REG-TCH-PEL160815351F3', 'STU1608126EAB148', 'ABS-STU160822E6A423', 70, 89, 1, '', NULL),
('NIL-STU16081558CBF1C', 'REG-TCH-PEL160815351F3', 'STU1608126EAB138', 'ABS-STU1608153FE313', 75, 77, 2, 'Tugas 1', NULL),
('NIL-STU160815598179D', 'REG-TCH-PEL160815351F3', 'STU1608126EAB138', 'ABS-STU1608153FE313', 75, 88, 3, '', NULL),
('NIL-STU1608155A77797', 'REG-TCH-PEL160815351F3', 'STU1608126EAB141', 'ABS-STU1608153FE316', 75, 85, 2, 'Tugas 1', NULL),
('NIL-STU1608155B6C551', 'REG-TCH-PEL160815351F5', 'STU1608126EAB75', 'ABS-STU16081560F91', 70, 75, 1, '', NULL),
('NIL-STU1608155C0A6F4', 'REG-TCH-PEL160815351F3', 'STU1608126EAB135', 'ABS-STU160822ADC510', 70, 88, 1, '', NULL),
('NIL-STU1608155C993BF', 'REG-TCH-PEL160815351F3', 'STU1608126EAB129', 'ABS-STU160822ADC55', 70, 80, 1, '', NULL),
('NIL-STU1608155CD68EA', 'REG-TCH-PEL160815351F3', 'STU1608126EAB139', 'ABS-STU160822ADC514', 70, 79, 1, '', NULL),
('NIL-STU1608155D193FF', 'REG-TCH-PEL160815351F5', 'STU1608126EAB80', 'ABS-STU16081560F96', 70, 99, 1, '', NULL),
('NIL-STU1608155D4F0A5', 'REG-TCH-PEL160815351F3', 'STU1608126EAB126', 'ABS-STU1608153FE32', 75, 87, 2, 'Tugas 1', NULL),
('NIL-STU1608155D9651A', 'REG-TCH-PEL160815351F3', 'STU1608126EAB137', 'ABS-STU1608153FE312', 75, 78, 3, '', NULL),
('NIL-STU1608155EA9DF3', 'REG-TCH-PEL160815351F3', 'STU1608126EAB124', 'ABS-STU1608153FE30', 75, 78, 2, 'Tugas 2', NULL),
('NIL-STU16081562A8786', 'REG-TCH-PEL160815351F3', 'STU1608126EAB142', 'ABS-STU1608153FE317', 75, 87, 2, 'Tugas 1', NULL),
('NIL-STU16081563593A4', 'REG-TCH-PEL160815351F3', 'STU1608126EAB142', 'ABS-STU1608153FE317', 75, 70, 3, '', NULL),
('NIL-STU16081565BF4EC', 'REG-TCH-PEL160815351F5', 'STU1608126EAB98', 'ABS-STU16081560F924', 70, 78, 1, '', NULL),
('NIL-STU1608156619153', 'REG-TCH-PEL160815351F3', 'STU1608126EAB124', 'ABS-STU1608153FE30', 75, 77, 2, 'Tugas 1', NULL),
('NIL-STU1608156824B0B', 'REG-TCH-PEL160815351F5', 'STU1608126EAB95', 'ABS-STU16081560F921', 70, 75, 1, '', NULL),
('NIL-STU16081569A2DD6', 'REG-TCH-PEL160815351F3', 'STU1608126EAB136', 'ABS-STU1608153FE311', 75, 76, 3, '', NULL),
('NIL-STU16081569CCEB1', 'REG-TCH-PEL160815351F3', 'STU1608126EAB136', 'ABS-STU1608153FE311', 75, 79, 2, 'Tugas 1', NULL),
('NIL-STU1608156D3569A', 'REG-TCH-PEL160815351F5', 'STU1608126EAB90', 'ABS-STU16081560F916', 70, 79, 1, '', NULL),
('NIL-STU1608156D68FD7', 'REG-TCH-PEL160815351F3', 'STU1608126EAB125', 'ABS-STU160822ADC51', 70, 80, 1, '', NULL),
('NIL-STU16081572337BE', 'REG-TCH-PEL160815351F3', 'STU1608126EAB148', 'ABS-STU1608153FE323', 75, 78, 2, 'Tugas 1', NULL),
('NIL-STU16081573F90E0', 'REG-TCH-PEL160815351F5', 'STU1608126EAB93', 'ABS-STU16081560F919', 70, 67, 1, '', NULL),
('NIL-STU16081576E8C2B', 'REG-TCH-PEL160815351F3', 'STU1608126EAB132', 'ABS-STU1608153FE37', 75, 0, 2, 'Tugas 1', NULL),
('NIL-STU16081577FC699', 'REG-TCH-PEL160815351F3', 'STU1608126EAB126', 'ABS-STU1608153FE32', 75, 79, 3, '', NULL),
('NIL-STU16081578CC404', 'REG-TCH-PEL160815351F3', 'STU1608126EAB133', 'ABS-STU160822ADC58', 70, 84, 1, '', NULL),
('NIL-STU1608157CD4E70', 'REG-TCH-PEL160815351F3', 'STU1608126EAB128', 'ABS-STU1608153FE34', 75, 87, 2, 'Tugas 1', NULL),
('NIL-STU1608157EFE82E', 'REG-TCH-PEL160815351F3', 'STU1608126EAB142', 'ABS-STU1608153FE317', 75, 77, 2, 'Tugas 2', NULL),
('NIL-STU1608158083160', 'REG-TCH-PEL160815351F3', 'STU1608126EAB143', 'ABS-STU1608153FE318', 75, 79, 2, 'Tugas 2', NULL),
('NIL-STU16081586A207E', 'REG-TCH-PEL160815351F3', 'STU1608126EAB133', 'ABS-STU1608153FE38', 75, 87, 2, 'Tugas 1', NULL),
('NIL-STU16081586D562C', 'REG-TCH-PEL160815351F3', 'STU1608126EAB128', 'ABS-STU160822ADC54', 70, 79, 1, '', NULL),
('NIL-STU16081587375C5', 'REG-TCH-PEL160815351F5', 'STU1608126EAB91', 'ABS-STU16081560F917', 70, 0, 1, '', NULL),
('NIL-STU1608158AF9B64', 'REG-TCH-PEL160815351F5', 'STU1608126EAB94', 'ABS-STU16081560F920', 70, 78, 1, '', NULL),
('NIL-STU1608158C53987', 'REG-TCH-PEL160815351F3', 'STU1608126EAB146', 'ABS-STU1608153FE321', 75, 78, 3, '', NULL),
('NIL-STU16081599C5F52', 'REG-TCH-PEL160815351F3', 'STU1608126EAB143', 'ABS-STU1608153FE318', 75, 84, 2, 'Tugas 1', NULL),
('NIL-STU1608159C0167C', 'REG-TCH-PEL160815351F3', 'STU1608126EAB129', 'ABS-STU1608153FE35', 75, 88, 2, 'Tugas 1', NULL),
('NIL-STU160815A1AB0A2', 'REG-TCH-PEL160815351F5', 'STU1608126EAB82', 'ABS-STU16081560F98', 70, 97, 1, '', NULL),
('NIL-STU160815A50BBB1', 'REG-TCH-PEL160815351F3', 'STU1608126EAB125', 'ABS-STU1608153FE31', 75, 78, 2, 'Tugas 1', NULL),
('NIL-STU160815A67FEAF', 'REG-TCH-PEL160815351F3', 'STU1608126EAB147', 'ABS-STU1608153FE322', 75, 78, 3, '', NULL),
('NIL-STU160815A8E88B8', 'REG-TCH-PEL160815351F3', 'STU1608126EAB145', 'ABS-STU1608153FE320', 75, 98, 2, 'Tugas 2', NULL),
('NIL-STU160815ADFF232', 'REG-TCH-PEL160815351F3', 'STU1608126EAB144', 'ABS-STU160822E6A419', 70, 81, 1, '', NULL),
('NIL-STU160815AEB4CB1', 'REG-TCH-PEL160815351F3', 'STU1608126EAB126', 'ABS-STU160822ADC52', 70, 87, 1, '', NULL),
('NIL-STU160815AFBD333', 'REG-TCH-PEL160815351F3', 'STU1608126EAB129', 'ABS-STU1608153FE35', 75, 80, 2, 'Tugas 2', NULL),
('NIL-STU160815B21DA0B', 'REG-TCH-PEL160815351F3', 'STU1608126EAB144', 'ABS-STU1608153FE319', 75, 78, 2, 'Tugas 2', NULL),
('NIL-STU160815B28D556', 'REG-TCH-PEL160815351F3', 'STU1608126EAB140', 'ABS-STU1608153FE315', 75, 68, 2, 'Tugas 2', NULL),
('NIL-STU160815B3627A3', 'REG-TCH-PEL160815351F3', 'STU1608126EAB140', 'ABS-STU160822ADC515', 70, 89, 1, '', NULL),
('NIL-STU160815B409263', 'REG-TCH-PEL160815351F3', 'STU1608126EAB124', 'ABS-STU1608153FE30', 75, 77, 3, '', NULL),
('NIL-STU160815B6647FF', 'REG-TCH-PEL160815351F3', 'STU1608126EAB128', 'ABS-STU1608153FE34', 75, 88, 2, 'Tugas 2', NULL),
('NIL-STU160815BD97BB6', 'REG-TCH-PEL160815351F3', 'STU1608126EAB131', 'ABS-STU1608153FE36', 75, 89, 2, 'Tugas 2', NULL),
('NIL-STU160815C00651B', 'REG-TCH-PEL160815351F3', 'STU1608126EAB141', 'ABS-STU1608153FE316', 75, 78, 3, '', NULL),
('NIL-STU160815C183465000', 'REG-TCH-PEL160815351F3', 'STU1608126EAB124', 'ABS-STU1608153FE30', 70, 70, 1, '', NULL),
('NIL-STU160815C183465011', 'REG-TCH-PEL160815351F3', 'STU1608126EAB125', 'ABS-STU1608153FE31', 70, 78, 1, '', NULL),
('NIL-STU160815C183465022', 'REG-TCH-PEL160815351F3', 'STU1608126EAB135', 'ABS-STU1608153FE310', 70, 79, 1, '', NULL),
('NIL-STU160815C183465033', 'REG-TCH-PEL160815351F3', 'STU1608126EAB136', 'ABS-STU1608153FE311', 70, 78, 1, '', NULL),
('NIL-STU160815C183465044', 'REG-TCH-PEL160815351F3', 'STU1608126EAB137', 'ABS-STU1608153FE312', 70, 86, 1, '', NULL),
('NIL-STU160815C183465055', 'REG-TCH-PEL160815351F3', 'STU1608126EAB138', 'ABS-STU1608153FE313', 70, 83, 1, '', NULL),
('NIL-STU160815C1C6531', 'REG-TCH-PEL160815351F3', 'STU1608126EAB142', 'ABS-STU160822E6A417', 70, 82, 1, '', NULL),
('NIL-STU160815C37E0E2', 'REG-TCH-PEL160815351F3', 'STU1608126EAB139', 'ABS-STU1608153FE314', 75, 56, 2, 'Tugas 2', NULL),
('NIL-STU160815C47739E', 'REG-TCH-PEL160815351F3', 'STU1608126EAB133', 'ABS-STU1608153FE38', 75, 80, 3, '', NULL),
('NIL-STU160815C79975F', 'REG-TCH-PEL160815351F3', 'STU1608126EAB132', 'ABS-STU1608153FE37', 75, 0, 2, 'Tugas 2', NULL),
('NIL-STU160815CA586BF', 'REG-TCH-PEL160815351F3', 'STU1608126EAB134', 'ABS-STU1608153FE39', 75, 0, 2, 'Tugas 2', NULL),
('NIL-STU160815CA6872F', 'REG-TCH-PEL160815351F3', 'STU1608126EAB133', 'ABS-STU1608153FE38', 75, 78, 2, 'Tugas 2', NULL),
('NIL-STU160815CC0B39C', 'REG-TCH-PEL160815351F3', 'STU1608126EAB146', 'ABS-STU1608153FE321', 75, 96, 2, 'Tugas 2', NULL),
('NIL-STU160815CF1EC07', 'REG-TCH-PEL160815351F3', 'STU1608126EAB131', 'ABS-STU1608153FE36', 75, 89, 2, 'Tugas 1', NULL),
('NIL-STU160815CFD3876', 'REG-TCH-PEL160815351F3', 'STU1608126EAB147', 'ABS-STU1608153FE322', 75, 78, 2, 'Tugas 1', NULL),
('NIL-STU160815D280758', 'REG-TCH-PEL160815351F3', 'STU1608126EAB132', 'ABS-STU160822ADC57', 70, 83, 1, '', NULL),
('NIL-STU160815D32ED20', 'REG-TCH-PEL160815351F5', 'STU1608126EAB96', 'ABS-STU16081560F922', 70, 64, 1, '', NULL),
('NIL-STU160815D4BEFB4', 'REG-TCH-PEL160815351F3', 'STU1608126EAB128', 'ABS-STU1608153FE34', 75, 79, 3, '', NULL),
('NIL-STU160815D7301EA', 'REG-TCH-PEL160815351F3', 'STU1608126EAB135', 'ABS-STU1608153FE310', 75, 77, 2, 'Tugas 1', NULL),
('NIL-STU160815D828667', 'REG-TCH-PEL160815351F3', 'STU1608126EAB138', 'ABS-STU1608153FE313', 75, 87, 2, 'Tugas 2', NULL),
('NIL-STU160815DAED513', 'REG-TCH-PEL160815351F5', 'STU1608126EAB89', 'ABS-STU16081560F915', 70, 0, 1, '', NULL),
('NIL-STU160815DCE31FC', 'REG-TCH-PEL160815351F5', 'STU1608126EAB83', 'ABS-STU16081560F99', 70, 67, 1, '', NULL),
('NIL-STU160815DF9CFAD', 'REG-TCH-PEL160815351F3', 'STU1608126EAB147', 'ABS-STU160822E6A422', 70, 88, 1, '', NULL),
('NIL-STU160815E0DE1DA', 'REG-TCH-PEL160815351F3', 'STU1608126EAB139', 'ABS-STU1608153FE314', 75, 78, 2, 'Tugas 1', NULL),
('NIL-STU160815E0F6192', 'REG-TCH-PEL160815351F5', 'STU1608126EAB77', 'ABS-STU16081560F93', 70, 78, 1, '', NULL),
('NIL-STU160815E1841B1', 'REG-TCH-PEL160815351F3', 'STU1608126EAB127', 'ABS-STU1608153FE33', 75, 98, 2, 'Tugas 1', NULL),
('NIL-STU160815E1F1E8C', 'REG-TCH-PEL160815351F5', 'STU1608126EAB92', 'ABS-STU16081560F918', 70, 70, 1, '', NULL),
('NIL-STU160815E218A94', 'REG-TCH-PEL160815351F3', 'STU1608126EAB137', 'ABS-STU160822ADC512', 70, 76, 1, '', NULL),
('NIL-STU160815E9F0E80', 'REG-TCH-PEL160815351F3', 'STU1608126EAB125', 'ABS-STU1608153FE31', 75, 77, 2, 'Tugas 2', NULL),
('NIL-STU160815EE68703', 'REG-TCH-PEL160815351F3', 'STU1608126EAB136', 'ABS-STU1608153FE311', 75, 98, 2, 'Tugas 2', NULL),
('NIL-STU160815EF7438B', 'REG-TCH-PEL160815351F3', 'STU1608126EAB137', 'ABS-STU1608153FE312', 75, 98, 2, 'Tugas 1', NULL),
('NIL-STU160815F1B4FCF', 'REG-TCH-PEL160815351F5', 'STU1608126EAB85', 'ABS-STU16081560F911', 70, 77, 1, '', NULL),
('NIL-STU160815F20DF16', 'REG-TCH-PEL160815351F3', 'STU1608126EAB131', 'ABS-STU1608153FE36', 75, 89, 3, '', NULL),
('NIL-STU160815F523131', 'REG-TCH-PEL160815351F3', 'STU1608126EAB127', 'ABS-STU1608153FE33', 75, 76, 2, 'Tugas 2', NULL),
('NIL-STU160815FC196A5', 'REG-TCH-PEL160815351F3', 'STU1608126EAB148', 'ABS-STU1608153FE323', 75, 85, 2, 'Tugas 2', NULL),
('NIL-STU160815FC4CE50', 'REG-TCH-PEL160815351F5', 'STU1608126EAB81', 'ABS-STU16081560F97', 70, 98, 1, '', NULL),
('NIL-STU160815FC9E77D', 'REG-TCH-PEL160815351F3', 'STU1608126EAB134', 'ABS-STU160822ADC59', 70, 83, 1, '', NULL),
('NIL-STU160815FD35812', 'REG-TCH-PEL160815351F3', 'STU1608126EAB143', 'ABS-STU1608153FE318', 75, 79, 3, '', NULL),
('NIL-STU16082303C40A1', 'REG-TCH-PEL160815351F5', 'STU1608126EAB88', 'ABS-STU160823B06814', 70, 56, 1, '', NULL),
('NIL-STU160823096E3C3', 'REG-TCH-PEL160815351F5', 'STU1608126EAB93', 'ABS-STU160823B06819', 70, 0, 1, '', NULL),
('NIL-STU1608230A8596C', 'REG-TCH-PEL160815351F5', 'STU1608126EAB92', 'ABS-STU160822707918', 70, 89, 1, '', NULL),
('NIL-STU1608230C783BC', 'REG-TCH-PEL160815351F5', 'STU1608126EAB74', 'ABS-STU16082270790', 70, 78, 1, '', NULL),
('NIL-STU1608230D33CDB', 'REG-TCH-PEL160815351F5', 'STU1608126EAB79', 'ABS-STU16082270795', 70, 97, 1, '', NULL),
('NIL-STU1608231049D99', 'REG-TCH-PEL160815351F5', 'STU1608126EAB94', 'ABS-STU160823B06820', 70, 0, 1, '', NULL),
('NIL-STU1608231087961', 'REG-TCH-PEL160815351F5', 'STU1608126EAB81', 'ABS-STU160823B0687', 70, 0, 1, '', NULL),
('NIL-STU160823149CAD6', 'REG-TCH-PEL160815351F5', 'STU1608126EAB86', 'ABS-STU160822707912', 70, 89, 1, '', NULL),
('NIL-STU1608231630C4C', 'REG-TCH-PEL160815351F5', 'STU1608126EAB95', 'ABS-STU160823B06821', 70, 0, 1, '', NULL),
('NIL-STU16082318A5540', 'REG-TCH-PEL160815351F5', 'STU1608126EAB79', 'ABS-STU160823B0685', 70, 0, 1, '', NULL),
('NIL-STU16082318DF2ED', 'REG-TCH-PEL160815351F5', 'STU1608126EAB95', 'ABS-STU1608221A1421', 70, 77, 1, '', NULL),
('NIL-STU16082319C3C75', 'REG-TCH-PEL160815351F5', 'STU1608126EAB74', 'ABS-STU160823B0680', 70, 67, 1, '', NULL),
('NIL-STU1608231DFAFB6', 'REG-TCH-PEL160815351F5', 'STU1608126EAB76', 'ABS-STU16082270792', 70, 76, 1, '', NULL),
('NIL-STU160823232169A', 'REG-TCH-PEL160815351F5', 'STU1608126EAB96', 'ABS-STU160823B06822', 70, 0, 1, '', NULL),
('NIL-STU16082324EF1F0', 'REG-TCH-PEL160815351F5', 'STU1608126EAB83', 'ABS-STU16082270799', 70, 56, 1, '', NULL),
('NIL-STU160823257F69E', 'REG-TCH-PEL160815351F5', 'STU1608126EAB76', 'ABS-STU160823B0682', 70, 0, 1, '', NULL),
('NIL-STU16082328990C1', 'REG-TCH-PEL160815351F5', 'STU1608126EAB98', 'ABS-STU160823B06824', 70, 0, 1, '', NULL),
('NIL-STU1608232FBE6A1', 'REG-TCH-PEL160815351F5', 'STU1608126EAB83', 'ABS-STU160823B0689', 70, 0, 1, '', NULL),
('NIL-STU1608233854EC8', 'REG-TCH-PEL160815351F5', 'STU1608126EAB96', 'ABS-STU1608221A1422', 70, 78, 1, '', NULL),
('NIL-STU16082347E03A6', 'REG-TCH-PEL160815351F5', 'STU1608126EAB78', 'ABS-STU160823B0684', 70, 0, 1, '', NULL),
('NIL-STU1608234B68C3D', 'REG-TCH-PEL160815351F5', 'STU1608126EAB94', 'ABS-STU160822707920', 70, 65, 1, '', NULL),
('NIL-STU1608234FA8639', 'REG-TCH-PEL160815351F5', 'STU1608126EAB75', 'ABS-STU16082270791', 70, 77, 1, '', NULL),
('NIL-STU160823514396D', 'REG-TCH-PEL160815351F5', 'STU1608126EAB87', 'ABS-STU160822707913', 70, 88, 1, '', NULL),
('NIL-STU16082356DA59D', 'REG-TCH-PEL160815351F5', 'STU1608126EAB80', 'ABS-STU160823B0686', 70, 0, 1, '', NULL),
('NIL-STU160823588BA6A', 'REG-TCH-PEL160815351F5', 'STU1608126EAB84', 'ABS-STU160822707910', 70, 67, 1, '', NULL),
('NIL-STU1608235ADF5C4', 'REG-TCH-PEL160815351F5', 'STU1608126EAB91', 'ABS-STU160823B06817', 70, 0, 1, '', NULL),
('NIL-STU1608236DD1E23', 'REG-TCH-PEL160815351F5', 'STU1608126EAB77', 'ABS-STU160823B0683', 70, 0, 1, '', NULL),
('NIL-STU1608237CEC44D', 'REG-TCH-PEL160815351F5', 'STU1608126EAB85', 'ABS-STU160822707911', 70, 79, 1, '', NULL),
('NIL-STU16082382BFEB4', 'REG-TCH-PEL160815351F5', 'STU1608126EAB88', 'ABS-STU160822707914', 70, 78, 1, '', NULL),
('NIL-STU16082385A555F', 'REG-TCH-PEL160815351F5', 'STU1608126EAB82', 'ABS-STU16082270798', 70, 56, 1, '', NULL),
('NIL-STU160823888CD04', 'REG-TCH-PEL160815351F5', 'STU1608126EAB90', 'ABS-STU160823B06816', 70, 0, 1, '', NULL),
('NIL-STU1608238CF04EC', 'REG-TCH-PEL160815351F5', 'STU1608126EAB98', 'ABS-STU1608221A1424', 70, 79, 1, '', NULL),
('NIL-STU1608238E1EFB9', 'REG-TCH-PEL160815351F5', 'STU1608126EAB93', 'ABS-STU160822707919', 70, 76, 1, '', NULL),
('NIL-STU1608239F1E855', 'REG-TCH-PEL160815351F5', 'STU1608126EAB97', 'ABS-STU1608221A1423', 70, 77, 1, '', NULL),
('NIL-STU160823A3D5729', 'REG-TCH-PEL160815351F5', 'STU1608126EAB85', 'ABS-STU160823B06811', 70, 88, 1, '', NULL),
('NIL-STU160823AAD3CE2', 'REG-TCH-PEL160815351F5', 'STU1608126EAB84', 'ABS-STU160823B06810', 70, 67, 1, '', NULL),
('NIL-STU160823AD06232', 'REG-TCH-PEL160815351F5', 'STU1608126EAB97', 'ABS-STU160823B06823', 70, 0, 1, '', NULL),
('NIL-STU160823B840362', 'REG-TCH-PEL160815351F5', 'STU1608126EAB86', 'ABS-STU160823B06812', 70, 67, 1, '', NULL),
('NIL-STU160823B9315E8', 'REG-TCH-PEL160815351F5', 'STU1608126EAB81', 'ABS-STU16082270797', 70, 76, 1, '', NULL),
('NIL-STU160823BAFED35', 'REG-TCH-PEL160815351F5', 'STU1608126EAB92', 'ABS-STU160823B06818', 70, 0, 1, '', NULL),
('NIL-STU160823C2BB031', 'REG-TCH-PEL160815351F5', 'STU1608126EAB80', 'ABS-STU16082270796', 70, 87, 1, '', NULL),
('NIL-STU160823C6AFD9A', 'REG-TCH-PEL160815351F5', 'STU1608126EAB91', 'ABS-STU160822707917', 70, 88, 1, '', NULL),
('NIL-STU160823C6BC085', 'REG-TCH-PEL160815351F5', 'STU1608126EAB75', 'ABS-STU160823B0681', 70, 67, 1, '', NULL),
('NIL-STU160823CA57DDB', 'REG-TCH-PEL160815351F5', 'STU1608126EAB89', 'ABS-STU160822707915', 70, 87, 1, '', NULL),
('NIL-STU160823D591BF9', 'REG-TCH-PEL160815351F5', 'STU1608126EAB77', 'ABS-STU16082270793', 70, 87, 1, '', NULL),
('NIL-STU160823DB76A64', 'REG-TCH-PEL160815351F5', 'STU1608126EAB90', 'ABS-STU160822707916', 70, 76, 1, '', NULL),
('NIL-STU160823ED50EFB', 'REG-TCH-PEL160815351F5', 'STU1608126EAB82', 'ABS-STU160823B0688', 70, 0, 1, '', NULL),
('NIL-STU160823ED77E94', 'REG-TCH-PEL160815351F5', 'STU1608126EAB89', 'ABS-STU160823B06815', 70, 0, 1, '', NULL),
('NIL-STU160823F1F530E', 'REG-TCH-PEL160815351F5', 'STU1608126EAB87', 'ABS-STU160823B06813', 70, 67, 1, '', NULL),
('NIL-STU160823F98ADE5', 'REG-TCH-PEL160815351F5', 'STU1608126EAB78', 'ABS-STU16082270794', 70, 78, 1, '', NULL);

-- --------------------------------------------------------

--
-- Table structure for table `stu_nilai_sikap_ci`
--

CREATE TABLE IF NOT EXISTS `stu_nilai_sikap_ci` (
  `id_sikap` varchar(30) NOT NULL,
  `id_stu` varchar(40) NOT NULL,
  `aspek` varchar(50) NOT NULL,
  `nilai` varchar(2) NOT NULL,
  `catatan` text NOT NULL
) ENGINE=InnoDB DEFAULT CHARSET=latin1;

--
-- Dumping data for table `stu_nilai_sikap_ci`
--

INSERT INTO `stu_nilai_sikap_ci` (`id_sikap`, `id_stu`, `aspek`, `nilai`, `catatan`) VALUES
('NIL-SKP160815A5D10', 'STU1608126EAB124', 'Hablun Minallah', 'B', 'Perilaku ananda baik dalam beribadah kepada Allah 		\r\n');

-- --------------------------------------------------------

--
-- Table structure for table `teacher_ci`
--

CREATE TABLE IF NOT EXISTS `teacher_ci` (
  `id_guru` varchar(50) NOT NULL,
  `nip` varchar(50) NOT NULL,
  `nuptk` int(20) NOT NULL,
  `nama` varchar(50) NOT NULL,
  `ttl` date NOT NULL,
  `jk` varchar(2) NOT NULL,
  `teach_photo` varchar(100) NOT NULL,
  `id_bio` varchar(20) DEFAULT NULL
) ENGINE=InnoDB DEFAULT CHARSET=latin1;

--
-- Dumping data for table `teacher_ci`
--

INSERT INTO `teacher_ci` (`id_guru`, `nip`, `nuptk`, `nama`, `ttl`, `jk`, `teach_photo`, `id_bio`) VALUES
('TCH1608110829', '233322', 233322, 'Pudrowati, S.Pd', '1978-07-20', 'P', '../style/images/defaultprofile.png', 'BIO-TCH160813970B'),
('TCH1608118288', '363345', 363345, 'Tri Wahyuni, S.Pd', '1984-02-15', 'P', '../style/images/defaultprofile.png', 'BIO-TCH160813E62F'),
('TCH160811AE1C', '232655', 344332, 'Suwandi, S.pd', '1989-08-18', 'L', '../style/images/defaultprofile.png', 'BIO-TCH160811AE1C'),
('TCH160811C0F7', '344253', 344253, 'Retno setyaningrum, S.pd', '1981-03-18', 'P', '../style/images/defaultprofile.png', 'BIO-TCH1608131CBC'),
('TCH16081201DE', '93445', 93445, 'Rozakul', '1989-07-13', 'L', '../style/images/defaultprofile.png', 'BIO-TCH16081201DE'),
('TCH1608120C78', '77855', 77855, 'Agus Hidayat, S.Pd I', '1990-02-07', 'L', '../style/images/defaultprofile.png', 'BIO-TCH1608120C78'),
('TCH1608129610', '765567', 765567, 'Melia Mandasari, S.Pd', '1989-07-05', 'P', '../style/images/defaultprofile.png', 'BIO-TCH1608129610'),
('TCH1608129D1D', '399766', 399766, 'Kelik Nugroho, S.Pd M.Pd', '1987-02-04', 'L', '../style/images/defaultprofile.png', 'BIO-TCH1608129D1D'),
('TCH160812BB63', '53776', 53776, 'Herman Affandi, S.Ud', '1989-02-01', 'L', '../style/images/defaultprofile.png', 'BIO-TCH160812BB63'),
('TCH160812BD56', '445665', 445665, 'Nining Pujiningsih, S.Pd I', '1992-07-07', 'P', '../style/images/defaultprofile.png', 'BIO-TCH160812BD56'),
('TCH160812CEC9', '66557', 66557, 'Asti Ivo, S.Pd', '1990-11-14', 'P', '../style/images/defaultprofile.png', 'BIO-TCH160812CEC9'),
('TCH1608130550', '344385', 344385, 'Wafaul Wafa, S.Pd.I', '1988-12-13', 'L', '../style/images/defaultprofile.png', 'BIO-TCH1608130550'),
('TCH1608132476', '447555', 447555, 'Rozakul', '1990-07-19', 'L', '../style/images/defaultprofile.png', 'BIO-TCH1608132476'),
('TCH1608132C3B', '77777', 77777, 'Melia Mandasari, S.Pd', '1989-02-22', 'P', '../style/images/defaultprofile.png', 'BIO-TCH1608132C3B'),
('TCH160813337E', '623344', 623344, 'Madrofie, S.Pd.I', '1988-02-15', 'L', '../style/images/defaultprofile.png', 'BIO-TCH160813337E'),
('TCH160813451F', '7656667', 7656667, 'Kelik Nugroho, S.Pd M.Pd', '1989-08-02', 'L', '../style/images/defaultprofile.png', 'BIO-TCH160813451F'),
('TCH16081370E6', '744355', 744355, 'Rizky Nurfatimah, S.pd', '1993-03-17', 'P', '../style/images/defaultprofile.png', 'BIO-TCH16081370E6'),
('TCH16081376FC', '55555', 55555, 'Agus Hidayat, S.Pd I', '1986-02-06', 'L', '../style/images/defaultprofile.png', 'BIO-TCH16081376FC'),
('TCH1608139416', '564327', 564327, 'Januar arista, S.Pd', '1984-03-08', 'L', '../style/images/defaultprofile.png', 'BIO-TCH1608139416'),
('TCH160813A4BA', '22222', 22222, 'Herman Afandi, S.Ud', '1989-05-25', 'L', '../style/images/defaultprofile.png', 'BIO-TCH160813A4BA'),
('TCH160813B581', '332235', 332235, 'Sri Pesolingga, S.Pd', '1985-04-04', 'P', '../style/images/defaultprofile.png', 'BIO-TCH160813B581'),
('TCH160813B9DC', '73345', 73345, 'Alamsyah, S.HI', '1982-02-09', 'L', '../style/images/defaultprofile.png', 'BIO-TCH160813B9DC'),
('TCH160813CCB1', '8223434', 8223434, 'Zainullah, S.Pd.I', '1989-02-14', 'L', '../style/images/defaultprofile.png', 'BIO-TCH160813CCB1'),
('TCH160813CCEF', '11111', 11111, 'Alpiah, S.Pd, M.Pd', '1988-02-10', 'P', '../style/images/defaultprofile.png', 'BIO-TCH160813CCEF'),
('TCH160813D81B', '939433', 939433, 'Dewi Putri Herawati, S.Pd', '1986-04-11', 'P', '../style/images/defaultprofile.png', 'BIO-TCH160813D81B'),
('TCH160813E91C', '44444', 44444, 'Nining Pujiningsih, S.Pd I', '1990-03-22', 'P', '../style/images/defaultprofile.png', 'BIO-TCH160813E91C');

-- --------------------------------------------------------

--
-- Table structure for table `user_school`
--

CREATE TABLE IF NOT EXISTS `user_school` (
`iduser` int(5) NOT NULL,
  `username` varchar(50) NOT NULL,
  `fullname` varchar(50) NOT NULL,
  `password` varchar(100) NOT NULL,
  `email` varchar(30) DEFAULT NULL,
  `level` varchar(10) NOT NULL,
  `gambar_p` varchar(200) NOT NULL
) ENGINE=InnoDB  DEFAULT CHARSET=latin1 AUTO_INCREMENT=328 ;

--
-- Dumping data for table `user_school`
--

INSERT INTO `user_school` (`iduser`, `username`, `fullname`, `password`, `email`, `level`, `gambar_p`) VALUES
(1, 'admin', 'administrator', '$2y$10$cGrm4eSz8W4svWu68mHdp.OWt83Kb2r/BqB9OtxXdnkLigRT5g4yK', 'admin@admin', 'Admin', '../style/images/Hard-drive-file-recovery-nyc.png'),
(71, '233322', 'Pudrowati, S.Pd', '$2y$10$OpDYEDHBCjUKHJiOGeQs9OtgBxgDy9WrPyGcxdv9UexXp6T.cSt0y', 'BIO-TCH160813970B', 'Guru', '../style/images/defaultprofile.png'),
(72, '344253', 'Retno setyaningrum, S.pd', '$2y$10$EJgp.JKUnPjlp6cwlbhgiua0bAezqmuUQ3gSdEPrlR47xOD/mjaOu', 'BIO-TCH1608131CBC', 'wl_kls', '../style/images/defaultprofile.png'),
(73, '363345', 'Tri Wahyuni, S.Pd', '$2y$10$R3JU5DBopvItYp78B1mAm.nx6.obE7pkZgcWxUWZc7wN0FNU0yc4u', 'BIO-TCH160813E62F', 'wl_kls', '../style/images/defaultprofile.png'),
(74, '332235', 'Sri Pesolingga, S.Pd', '$2y$10$/aFAgph8xEWsrWAAz74sd.O2b9OJnzBe/x0g4XHuXx1iGX8ETC0lS', 'BIO-TCH160813B581', 'wl_kls', '../style/images/defaultprofile.png'),
(75, '73345', 'Alamsyah, S.HI', '$2y$10$e9Yp.YxQgXveIWToaqqi1OBdBbLqE95CVcgkTC3YvkKSRgcHdhNSq', 'BIO-TCH160813B9DC', 'wl_kls', '../style/images/defaultprofile.png'),
(76, '564327', 'Januar arista, S.Pd', '$2y$10$3LwD6Flv5xz3bGLAvd4aQeERoQlCSHQv5MEB1zrzia3IuWl4XC5B2', 'BIO-TCH1608139416', 'wl_kls', '../style/images/defaultprofile.png'),
(77, '939433', 'Dewi Putri Herawati, S.Pd', '$2y$10$r1AVrGiwQP.9JKjnEtz/CeY.vzKJ2.AvPtF7Bz6wuNh92TfLTlJVS', 'BIO-TCH160813D81B', 'wl_kls', '../style/images/defaultprofile.png'),
(78, '623344', 'Madrofie, S.Pd.I', '$2y$10$QGssdQYU2iVDQpB1.XHdB.HMa4pBIyn0W.a4khPdog1J2Ld2Sk66a', 'BIO-TCH160813337E', 'wl_kls', '../style/images/defaultprofile.png'),
(79, '744355', 'Rizky Nurfatimah, S.pd', '$2y$10$9au4WivBOCyRtGDGP6n31u7gwE6AcL96W6YAPjJo0Rvv3f6dUyV26', 'BIO-TCH16081370E6', 'wl_kls', '../style/images/defaultprofile.png'),
(80, '8223434', 'Zainullah, S.Pd.I', '$2y$10$X36PlE0f9Txrq/fjcTU6R.myk.FsSdoBKJ66XJ48lEsHpzEXesk9i', 'BIO-TCH160813CCB1', 'wl_kls', '../style/images/defaultprofile.png'),
(81, '344385', 'Wafaul Wafa, S.Pd.I', '$2y$10$R5idTHLe.OW7xOKUM7eTUO7qGAjb8zT2ubTEk1Zy3a3UNvOaJd.4O', 'BIO-TCH1608130550', 'wl_kls', '../style/images/defaultprofile.png'),
(82, '11111', 'Alpiah, S.Pd, M.Pd', '$2y$10$9yJV5bM/l.G5neeZS3qSceGZoCAnDMsKx.aGZoiJxQ0FF28E.pgH2', 'BIO-TCH160813CCEF', 'Guru', '../style/images/defaultprofile.png'),
(84, '55555', 'Agus Hidayat, S.Pd I', '$2y$10$UMgGLCef1z8ui7UDdwguSeohHizmuxUCYtv5Zl9NLiH09zaa.7Zzy', 'BIO-TCH16081376FC', 'Guru', '../style/images/defaultprofile.png'),
(85, '44444', 'Nining Pujiningsih, S.Pd I', '$2y$10$L3wN..axLNtEw4.n6CnBaOJ1/cJRYNuM0ZuC.WCOgIjumCXbCphdq', 'BIO-TCH160813E91C', 'Guru', '../style/images/defaultprofile.png'),
(86, '77777', 'Melia Mandasari, S.Pd', '$2y$10$RMmtLCG0XU4.OlA0Dxdj7OvX62x.4nUxk/uamk2pQD502CY5AduCW', 'BIO-TCH1608132C3B', 'Guru', '../style/images/defaultprofile.png'),
(87, '22222', 'Herman Afandi, S.Ud', '$2y$10$5lktVgh89cEv8ON0u6h6KuMyfZ.ZMlkkeycSkJ6UPg7YkOlmkPsCu', 'BIO-TCH160813A4BA', 'Guru', '../style/images/defaultprofile.png'),
(88, '7656667', 'Kelik Nugroho, S.Pd M.Pd', '$2y$10$UJwDoHer7.aEI2yFLZzqCOfdjNtABbxEwKpl7ynSRPoVfTaYW8z1S', 'BIO-TCH160813451F', 'Guru', '../style/images/defaultprofile.png'),
(89, '447555', 'Rozakul', '$2y$10$DJcjSH4ixC4AW48Qm0T.8.GvGp1Ird6ef0v0ep8mqDGmakOnLyYdq', 'BIO-TCH1608132476', 'Guru', '../style/images/defaultprofile.png'),
(311, '161701015', 'Ammar Muzakky Al-Hafshy', '$2y$10$RcYRygzD9CPB2WBQeTHAVeX/UhGCM4B/zGnJR6sij7xx8wm9BWUpi', NULL, 'Ortu', '../style/images/defaultprofile.png'),
(312, '161701017', 'Anindya Citra Tanaya ', '$2y$10$bMVO9eb2XuLh2BEEkOtEpuA.EBrHhY5LaNSHIvtCdLe2l6XHg99/u', NULL, 'Ortu', '../style/images/defaultprofile.png'),
(313, '161701022', 'Azalia Maritza Zarka', '$2y$10$iSsIRLrnyt6BMLBvM2NtNeShrjCH7ebuyAV9GOygp/9alC3kk/f/K', NULL, 'Ortu', '../style/images/defaultprofile.png'),
(314, '161701023', 'Carissa Cahyaningrum', '$2y$10$Zs33S3/chXSl044Yln/o6.eW7pESpA2V83Lqy77IGp0pztMA/CUla', NULL, 'Ortu', '../style/images/defaultprofile.png'),
(315, '161701028', 'Dzalifa Al Zahira', '$2y$10$xljcTxkIVt5Drppw3a6vuuE435TZGmTMCn6HGaDey7M/A3c8b0ia.', NULL, 'Ortu', '../style/images/defaultprofile.png'),
(316, '161701031', 'Fauzan Arjuna Wibawa', '$2y$10$HZC./z1FWY9CZQ2AcvmnaepVet4DCBYqCJHZavu6GdtqpaH7sp6fe', NULL, 'Ortu', '../style/images/defaultprofile.png'),
(317, '161701032', 'Gadiza Almira Suhendra', '$2y$10$8ChrxtttKk6ERbf5JofoWOQImyDTCimQ64PKesu8EJrVeXPSm2Ey6', NULL, 'Ortu', '../style/images/defaultprofile.png'),
(318, '161701038', 'Janeeta Djenar Askana', '$2y$10$rkuVbWqKK7MN0D5mxPJPS.bvfu8WcSH6.DTIsHGVZnc8.Gt50MNku', NULL, 'Ortu', '../style/images/defaultprofile.png'),
(319, '161701042', 'Kirana Marfa Aurellia Nugraha', '$2y$10$kVEVshvrv9NieSATGzHnxOFFlBVN6pQ.mcvdx1PrBqrDcrs5lmT1S', NULL, 'Ortu', '../style/images/defaultprofile.png'),
(320, '161701047', 'Muhammad Esfandiar Ahura Mazda', '$2y$10$q6zzLa9cfylWyPb3InY8IOvqeWn.xRshz5LlPG4EWTlTgflY6aiVO', NULL, 'Ortu', '../style/images/defaultprofile.png'),
(321, '161701050', 'Muhammad Haffiez Rayya Ramadhan Shiddiq', '$2y$10$h2bT8fgryiSA3hG7.3zzeOclv.uiLGObnf4jiBcyHnt13MGY9VMbK', NULL, 'Ortu', '../style/images/defaultprofile.png'),
(322, '161701055', 'Naeva Qaidah Indrani Jaya', '$2y$10$SE8f7apj0zUxYLbb9PQAluXkpqSvbhQsYtj5g6SmsTuKUUGyC.h12', NULL, 'Ortu', '../style/images/defaultprofile.png'),
(323, '161701057', 'Nurhanifah Salsabila', '$2y$10$3xklO9lESeAah6b0gkbrOuH75L.GvGoBsx4zCZnNmI/IViF4TO3H2', NULL, 'Ortu', '../style/images/Nurhanifah SalsabilaBIO-STU1608126EAB46161701057.jpg'),
(324, '161701059', 'Rahmah Junisa Zahira', '$2y$10$/ZYDG4VwcKdSnTHXEU5NIex9XVgK59YgImxY3fboJ/jxFgekziNy.', NULL, 'Ortu', '../style/images/defaultprofile.png'),
(325, '161701066', 'Sultan Xavy Hernandez Hesaha', '$2y$10$WQZ0NTDVt083U84qnxF3XO0pcPzf56FuOIl3zqfexXf8AorZARSyG', NULL, 'Ortu', '../style/images/defaultprofile.png'),
(326, '161701067', 'Syaffa Ainun Azzahra', '$2y$10$VFGjw/frP.HhN83i10hYXO/LbS2KqhnfI9qHkVqORxZx1KayJS5um', NULL, 'Ortu', '../style/images/defaultprofile.png'),
(327, '161608001', 'tess', '$2y$10$u2BpdaUU6K4VHVfkgB.AVutm6k3BqIOWXLJ3U6BhbIG581ZVqoZgm', 'BIO-STU1608166120', 'Ortu', '../style/images/defaultprofile.png');

--
-- Indexes for dumped tables
--

--
-- Indexes for table `bio_studen_ci`
--
ALTER TABLE `bio_studen_ci`
 ADD PRIMARY KEY (`id_stu_bio`);

--
-- Indexes for table `bio_teach_ci`
--
ALTER TABLE `bio_teach_ci`
 ADD PRIMARY KEY (`id_bio`);

--
-- Indexes for table `class_ci`
--
ALTER TABLE `class_ci`
 ADD PRIMARY KEY (`id_kls`);

--
-- Indexes for table `edu_teach_ci`
--
ALTER TABLE `edu_teach_ci`
 ADD PRIMARY KEY (`id_edu`);

--
-- Indexes for table `exper_teach_ci`
--
ALTER TABLE `exper_teach_ci`
 ADD PRIMARY KEY (`id_exp`);

--
-- Indexes for table `konten_web_act_photo`
--
ALTER TABLE `konten_web_act_photo`
 ADD PRIMARY KEY (`id_act`);

--
-- Indexes for table `matpel_ci`
--
ALTER TABLE `matpel_ci`
 ADD PRIMARY KEY (`id_matpel`);

--
-- Indexes for table `news_ci`
--
ALTER TABLE `news_ci`
 ADD PRIMARY KEY (`id_news`);

--
-- Indexes for table `pesan_ci`
--
ALTER TABLE `pesan_ci`
 ADD PRIMARY KEY (`id_pesan`);

--
-- Indexes for table `porto_ci`
--
ALTER TABLE `porto_ci`
 ADD PRIMARY KEY (`id_porto`);

--
-- Indexes for table `reg_teach_ci`
--
ALTER TABLE `reg_teach_ci`
 ADD PRIMARY KEY (`id_reg`);

--
-- Indexes for table `schedule_teach_ci`
--
ALTER TABLE `schedule_teach_ci`
 ADD PRIMARY KEY (`id_jadwal`);

--
-- Indexes for table `studen_ci`
--
ALTER TABLE `studen_ci`
 ADD PRIMARY KEY (`id_stu`);

--
-- Indexes for table `stu_absen_ci`
--
ALTER TABLE `stu_absen_ci`
 ADD PRIMARY KEY (`id_absen`);

--
-- Indexes for table `stu_nilai_ci`
--
ALTER TABLE `stu_nilai_ci`
 ADD PRIMARY KEY (`id_nilai_stu`);

--
-- Indexes for table `stu_nilai_sikap_ci`
--
ALTER TABLE `stu_nilai_sikap_ci`
 ADD PRIMARY KEY (`id_sikap`);

--
-- Indexes for table `teacher_ci`
--
ALTER TABLE `teacher_ci`
 ADD PRIMARY KEY (`id_guru`);

--
-- Indexes for table `user_school`
--
ALTER TABLE `user_school`
 ADD PRIMARY KEY (`iduser`);

--
-- AUTO_INCREMENT for dumped tables
--

--
-- AUTO_INCREMENT for table `user_school`
--
ALTER TABLE `user_school`
MODIFY `iduser` int(5) NOT NULL AUTO_INCREMENT,AUTO_INCREMENT=328;
/*!40101 SET CHARACTER_SET_CLIENT=@OLD_CHARACTER_SET_CLIENT */;
/*!40101 SET CHARACTER_SET_RESULTS=@OLD_CHARACTER_SET_RESULTS */;
/*!40101 SET COLLATION_CONNECTION=@OLD_COLLATION_CONNECTION */;
